,item_id,timestamp,avg_high_price,avg_low_price,high_volume,low_volume
0,2,1771431000,272,268,65856,15057
1,36,1771431000,374,371,3,1
2,66,1771431000,257,250,766,119248
3,99,1771431000,6119,6188,704,5518
4,119,1771431000,45,17,2,2
5,139,1771431000,6204,6183,2000,953
6,145,1771431000,2300,2265,90,3
7,171,1771431000,1241,1202,3,38
8,199,1771431000,300,287,30,36
9,205,1771431000,481,468,1573,440
10,207,1771431000,5497,5497,105,1957
11,209,1771431000,2264,2235,111,609
12,213,1771431000,2855,2763,286,421
13,217,1771431000,2102,2101,121,490
14,219,1771431000,3717,3716,27,303
15,221,1771431000,4,4,15680,901
16,223,1771431000,192,191,5142,1353
17,225,1771431000,287,277,444,1133
18,227,1771431000,5,5,3,15785
19,231,1771431000,547,527,678,8815
20,233,1771431000,450,200,2,4
21,237,1771431000,241,224,1,107
22,245,1771431000,959,951,20,261
23,255,1771431000,516,508,130,2
24,261,1771431000,2418,2417,90,96
25,263,1771431000,2921,2909,1,206
26,265,1771431000,3236,3236,1000,43
27,269,1771431000,3820,3769,1000,20
28,299,1771431000,1099,1023,2501,41
29,301,1771431000,450,354,2,2
30,303,1771431000,179,169,3,7
31,313,1771431000,4,3,203,1359
32,314,1771431000,3,2,146730,190
33,317,1771431000,27,26,360,56
34,325,1771431000,21,20,8,14
35,329,1771431000,60,60,457,30
36,331,1771431000,48,46,1141,1703
37,333,1771431000,36,35,289,2004
38,335,1771431000,68,67,456,7
39,351,1771431000,185,179,197,261
40,353,1771431000,21,18,10,101
41,359,1771431000,73,73,1023,1176
42,361,1771431000,92,90,481,2852
43,363,1771431000,16,15,28,968
44,365,1771431000,103,102,46,914
45,371,1771431000,199,195,22,7029
46,373,1771431000,206,202,916,61
47,379,1771431000,151,148,1140,1334
48,383,1771431000,599,588,40,1694
49,385,1771431000,847,824,5559,592
50,391,1771431000,1700,1700,1462,300
51,397,1771431000,1165,1150,1004,4
52,440,1771431000,84,82,2440,4971
53,442,1771431000,57,55,1,1859
54,444,1771431000,127,127,806,7716
55,447,1771431000,126,125,167,16176
56,449,1771431000,599,587,5401,4459
57,451,1771431000,10208,10212,90,2695
58,453,1771431000,173,170,9150,50320
59,526,1771431000,32,30,4905,2
60,536,1771431000,2170,2148,5294,1258
61,544,1771431000,526,510,1,14
62,554,1771431000,5,5,42930,15074
63,556,1771431000,6,5,19042,34875
64,557,1771431000,5,4,19181,296
65,558,1771431000,4,4,5504,10598
66,559,1771431000,5,5,1000,1304
67,560,1771431000,171,165,72124,63200
68,561,1771431000,99,98,21812,20845
69,562,1771431000,83,80,98945,102876
70,563,1771431000,121,119,26055,14679
71,564,1771431000,97,95,10410,16487
72,565,1771431000,242,240,230984,46438
73,566,1771431000,392,388,17862,8734
74,567,1771431000,50,52,4338,708
75,571,1771431000,820,791,456,464
76,573,1771431000,1200,1191,3856,59
77,579,1771431000,460,379,4,1
78,592,1771431000,53,53,51,451
79,805,1771431000,196,190,12,47
80,808,1771431000,4,3,296,99
81,809,1771431000,13,9,6506,12583
82,810,1771431000,44,38,31546,11421
83,811,1771431000,197,198,300,332
84,816,1771431000,35,35,16,16
85,821,1771431000,89,82,6500,2700
86,822,1771431000,116,112,19500,999
87,829,1771431000,41,41,330,470
88,847,1771431000,191,165,4,92
89,851,1771431000,320,314,1,11
90,857,1771431000,407,398,2,1613
91,859,1771431000,1212,1200,5,8
92,861,1771431000,840,832,13,4
93,868,1771431000,213,214,25,4395
94,877,1771431000,2,2,8,177
95,882,1771431000,5,5,1153,7193
96,884,1771431000,8,8,16224,6379
97,886,1771431000,14,12,150,221
98,888,1771431000,14,14,4409,4321
99,890,1771431000,56,55,865,6667
100,892,1771431000,96,85,6848,25177
101,946,1771431000,198,188,1,1
102,950,1771431000,18,18,37,10
103,952,1771431000,149,106,2,362
104,960,1771431000,145,143,429,153
105,962,1771431000,104302,104712,2,2
106,985,1771431000,12000,11678,35,46
107,991,1771431000,12000,31000,2,19
108,1007,1771431000,94,91,4,1
109,1035,1771431000,1692,1615,1,2
110,1048,1771431000,16511,16000,4,2
111,1069,1771431000,478,443,3,1
112,1071,1771431000,1417,1354,7,46
113,1073,1771431000,3699,3984,11,22
114,1077,1771431000,1450,1203,1,4
115,1079,1771431000,38083,37880,61,180
116,1099,1771431000,2243,2240,1,4
117,1109,1771431000,1008,1064,21,38
118,1111,1771431000,2650,2853,8,21
119,1113,1771431000,29937,29696,13,67
120,1119,1771431000,1050,1012,104,657
121,1123,1771431000,9703,9672,701,3427
122,1125,1771431000,3836,3491,7,4
123,1127,1771431000,38730,38477,70,461
124,1131,1771431000,20,15,4,3
125,1135,1771431000,4469,4450,85,2
126,1139,1771431000,45,50,4,1
127,1147,1771431000,11276,11220,2,59
128,1149,1771431000,58855,58770,29,100
129,1159,1771431000,850,750,3,1
130,1161,1771431000,1968,1908,5,24
131,1163,1771431000,20835,20911,2,340
132,1165,1771431000,594,550,3,4
133,1167,1771431000,39,7,2,2
134,1169,1771431000,50,41,1,2
135,1185,1771431000,22776,22802,12,54
136,1193,1771431000,453,410,2,1
137,1195,1771431000,3000,1550,4,10
138,1197,1771431000,1120,1120,1,1
139,1201,1771431000,32311,32221,38,342
140,1205,1771431000,6,5,1,1
141,1211,1771431000,277,273,1,1
142,1213,1771431000,4580,4583,2,40
143,1215,1771431000,17310,17301,40,136
144,1247,1771431000,12117,12000,1,2
145,1267,1771431000,599,482,1,2
146,1269,1771431000,1088,1034,3,1
147,1271,1771431000,2731,1600,3,1
148,1273,1771431000,521,463,7,88
149,1275,1771431000,19290,19080,6,78
150,1301,1771431000,1660,1630,1,4
151,1303,1771431000,18992,18841,15,91
152,1305,1771431000,59198,59198,17,84
153,1317,1771431000,3695,3589,3,11
154,1319,1771431000,38171,38128,21,34
155,1331,1771431000,1600,1500,2,35
156,1333,1771431000,15141,15135,30,56
157,1339,1771431000,297,220,1,1
158,1347,1771431000,24497,24403,10,214
159,1351,1771431000,279,102,18,1
160,1353,1771431000,1800,600,35,2
161,1357,1771431000,2098,1111,13,44
162,1359,1771431000,7681,7324,29,22
163,1369,1771431000,1286,1140,125,36
164,1373,1771431000,24753,24500,7,50
165,1381,1771431000,1976,1868,6,3
166,1391,1771431000,8066,7994,3440,2302
167,1393,1771431000,8855,8836,1,21
168,1395,1771431000,8750,8725,500,792
169,1397,1771431000,8848,8780,3572,4889
170,1399,1771431000,8799,8714,1,707
171,1430,1771431000,672,664,5,2
172,1432,1771431000,8384,8200,85,96
173,1434,1771431000,29331,29100,3,33
174,1440,1771431000,706,651,10,456
175,1454,1771431000,318,263,2,8
176,1472,1771431000,2344,2207,1,3
177,1474,1771431000,2516,2401,1,2
178,1476,1771431000,2643,2568,1,3
179,1513,1771431000,997,975,13269,5005
180,1515,1771431000,132,130,7727,19561
181,1517,1771431000,17,16,207,1063
182,1539,1771431000,24,24,4016,2300
183,1540,1771431000,87,61,1,1
184,1550,1771431000,20,20,4,1
185,1601,1771431000,1753,1754,803,993
186,1603,1771431000,922,905,918,753
187,1605,1771431000,525,522,200,819
188,1607,1771431000,311,304,1624,651
189,1611,1771431000,301,288,2,1722
190,1613,1771431000,3754,3632,42,10
191,1615,1771431000,11111,11025,6,262
192,1617,1771431000,2822,2798,1205,1559
193,1631,1771431000,16489,16022,708,406
194,1635,1771431000,143,138,3,10
195,1637,1771431000,504,510,53,243
196,1641,1771431000,1110,1094,3,18
197,1643,1771431000,1988,1981,38,199
198,1645,1771431000,11771,11739,5,8
199,1654,1771431000,165,159,98,1774
200,1660,1771431000,1190,1174,940,506
201,1712,1771431000,12965,12469,10,10
202,1718,1771431000,520,503,17,1
203,1731,1771431000,2231,2137,6,7
204,1733,1771431000,28,31,55,37
205,1734,1771431000,7,7,39768,137
206,1739,1771431000,187,187,17,66
207,1741,1771431000,233,226,6,165
208,1745,1771431000,1949,1916,104,3
209,1749,1771431000,2483,2427,1,2281
210,1759,1771431000,57,58,292,27
211,1761,1771431000,156,152,114,12894
212,1763,1771431000,529,502,5,1
213,1765,1771431000,395,222,8,1
214,1767,1771431000,788,585,11,5
215,1775,1771431000,89,84,9558,1018
216,1779,1771431000,2,2,2000,7100
217,1785,1771431000,44,54,8,2
218,1823,1771431000,104,104,3,2
219,1887,1771431000,89,71,2,2
220,1891,1771431000,270,268,256,101
221,1897,1771431000,337,311,1,101
222,1917,1771431000,100,86,3,2
223,1925,1771431000,8,7,5004,2014
224,1927,1771431000,55,55,15,13000
225,1929,1771431000,39,34,7,6454
226,1937,1771431000,17,17,14201,8661
227,1939,1771431000,2,3,4836,3000
228,1942,1771431000,21,19,20,18
229,1949,1771431000,311,310,3,3
230,1957,1771431000,15,13,7,2069
231,1965,1771431000,24,21,8,10
232,1973,1771431000,40,40,2,19
233,1978,1771431000,100,81,2,6
234,1980,1771431000,5,4,1,5
235,1985,1771431000,54,52,8,5
236,1987,1771431000,97,95,16210,3633
237,1989,1771431000,10540,10943,12,35
238,1993,1771431000,4,4,2923,8234
239,2003,1771431000,78,71,13,148
240,2102,1771431000,100,100,1,1
241,2114,1771431000,190,185,250,4
242,2132,1771431000,33,33,135,1
243,2138,1771431000,23,23,2,10
244,2162,1771431000,509,647,5,4
245,2313,1771431000,85,59,9,852
246,2347,1771431000,107,101,7,8
247,2349,1771431000,73,72,3343,4511
248,2351,1771431000,183,180,401,1389
249,2353,1771431000,643,629,299,6683
250,2355,1771431000,106,106,196,182
251,2357,1771431000,101,100,19958,17611
252,2359,1771431000,1001,980,13455,620
253,2361,1771431000,2139,2130,4728,768
254,2363,1771431000,12400,12400,1781,2993
255,2428,1771431000,10,5,2000,3281
256,2434,1771431000,8407,8367,7963,829
257,2436,1771431000,3179,3165,1014,31
258,2440,1771431000,3936,3925,3405,76
259,2442,1771431000,3710,3707,5026,21
260,2444,1771431000,2553,2540,1023,156
261,2446,1771431000,236,213,16,1
262,2448,1771431000,2257,2143,6,31
263,2481,1771431000,2044,2044,58,1224
264,2487,1771431000,1742,1466,1,2
265,2493,1771431000,2164,1988,8,13
266,2495,1771431000,2998,2800,20,6
267,2497,1771431000,3439,3186,39,25
268,2499,1771431000,5052,5046,3,215
269,2501,1771431000,6125,6112,20,3
270,2503,1771431000,7240,7236,154,43
271,2507,1771431000,2844,2844,7000,2000
272,2552,1771431000,736,735,141,132
273,2568,1771431000,1200,1123,1,20
274,2641,1771431000,4360,4859,1,1
275,2643,1771431000,41263,40000,1,1
276,2890,1771431000,1349,581,2,1
277,2970,1771431000,375,351,1425,32
278,3002,1771431000,3240,3178,16002,715
279,3004,1771431000,8848,8790,2001,292
280,3024,1771431000,10704,10477,2922,1610
281,3040,1771431000,204,200,21,12
282,3049,1771431000,2726,2726,422,476
283,3051,1771431000,8172,8070,1009,247
284,3053,1771431000,9546,9400,10,2
285,3105,1771431000,602,600,2,13
286,3138,1771431000,54,54,100,939
287,3140,1771431000,339317,324847,2,2
288,3144,1771431000,524,500,1210,201
289,3202,1771431000,39420,37760,2,4
290,3204,1771431000,149505,149000,1,19
291,3211,1771431000,350,176,1,4
292,3239,1771431000,70,70,130,45
293,3325,1771431000,1014,1002,1,394
294,3448,1771431000,4991,4496,37,3
295,3751,1771431000,38551,38011,4,2
296,3833,1771431000,6676,6242,2,1
297,4087,1771431000,161178,160989,30,112
298,4089,1771431000,15355,13713,3,1
299,4091,1771431000,71141,71117,4,18
300,4093,1771431000,47267,47206,8,13
301,4129,1771431000,801,760,2,1
302,4131,1771431000,7240,7054,5,3
303,4151,1771431000,1288191,1281224,5,12
304,4153,1771431000,201294,200000,3,7
305,4164,1771431000,599,450,1,1
306,4548,1771431000,2726,1699,2,3
307,4585,1771431000,161146,161042,16,102
308,4587,1771431000,60300,59250,3,7
309,4675,1771431000,61613,60702,3,3
310,4694,1771431000,116,112,4000,797
311,4695,1771431000,115,103,20,8199
312,4696,1771431000,9,8,2840,159031
313,4698,1771431000,98,98,405,2000
314,4699,1771431000,27,26,62,82146
315,4708,1771431000,380773,368889,3,5
316,4710,1771431000,220327,206759,1,5
317,4712,1771431000,2220086,2161428,4,1
318,4714,1771431000,1747000,1710145,4,1
319,4728,1771431000,244612,235000,2,1
320,4730,1771431000,217189,210000,2,1
321,4732,1771431000,65108,63600,1,3
322,4736,1771431000,1369073,1355614,3,2
323,4738,1771431000,572679,551799,1,3
324,4759,1771431000,312518,311654,4,1
325,4819,1771431000,4,3,132,54
326,4823,1771431000,137,135,1274,20
327,4824,1771431000,832,810,32,40
328,5288,1771431000,1600,1569,78,141
329,5291,1771431000,20,15,10,10
330,5295,1771431000,24494,24138,816,172
331,5298,1771431000,750,697,120,153
332,5299,1771431000,1416,1380,136,21
333,5300,1771431000,50506,50450,46,352
334,5303,1771431000,1086,1000,45,8
335,5312,1771431000,82,81,22,9
336,5313,1771431000,123,110,160,8
337,5314,1771431000,4984,5020,57,72
338,5315,1771431000,31197,31118,18,188
339,5316,1771431000,99151,99433,4,74
340,5319,1771431000,7,5,640,3
341,5350,1771431000,13,6,11,2
342,5418,1771431000,1,1,12,20000
343,5500,1771431000,433,390,4,1
344,5502,1771431000,24100,24036,136,16
345,5521,1771431000,772,703,75,1
346,5667,1771431000,216,207,150,59
347,5698,1771431000,18917,18001,14,2
348,5755,1771431000,288,220,2,11
349,5935,1771431000,315,300,1200,202
350,5952,1771431000,4829,4762,3,90
351,5970,1771431000,62,60,6,252
352,5972,1771431000,1688,1629,1546,140
353,5974,1771431000,1889,1829,388,1982
354,6016,1771431000,2205,2202,144,537
355,6034,1771431000,32,20,7661,28
356,6289,1771431000,21,19,315,305
357,6332,1771431000,233,232,7972,26150
358,6333,1771431000,125,116,40,74
359,6562,1771431000,80000,62802,1,2
360,6568,1771431000,586161,564167,1,2
361,6585,1771431000,2338036,2292598,2,7
362,6685,1771431000,8231,8147,2264,294
363,6693,1771431000,5151,5085,309,38
364,6729,1771431000,14328,14173,516,336
365,6733,1771431000,3086559,3005933,3,4
366,6735,1771431000,63305,55192,1,5
367,6737,1771431000,3064693,3034394,9,5
368,6739,1771431000,90879,88079,6,1
369,7060,1771431000,1794,1734,16,44
370,7218,1771431000,835,788,1050,19
371,7329,1771431000,72,63,21,9
372,7360,1771431000,32321,31900,2,1
373,7416,1771431000,6257,6439,7,38
374,7418,1771431000,5800,5758,50,84
375,7946,1771431000,290,282,608,2818
376,8007,1771431000,642,632,1281,121
377,8008,1771431000,720,645,119,2
378,8010,1771431000,575,572,769,500
379,8011,1771431000,833,823,64,364
380,8013,1771431000,696,694,10096,650
381,8780,1771431000,880,865,2676,21
382,8782,1771431000,2060,2031,26668,2335
383,8784,1771431000,137990,136383,3,6
384,8790,1771431000,453,432,8,16
385,8792,1771431000,914,904,7,8
386,8794,1771431000,320,308,2,3
387,8921,1771431000,817887,789865,4,1
388,9075,1771431000,75,74,2075,7053
389,9143,1771431000,203,196,10931,972
390,9144,1771431000,145,144,5437,1732
391,9185,1771431000,9868,9190,16,9
392,9192,1771431000,177,169,6705,343
393,9194,1771431000,8446,8282,100,2024
394,9241,1771431000,24,24,1,1340
395,9244,1771431000,441,430,472,807
396,9381,1771431000,181,181,1390,41
397,9431,1771431000,9307,9307,2,6
398,9674,1771431000,6594,6265,1,1
399,9676,1771431000,6498,6000,1,1
400,9735,1771431000,38,35,2,300
401,10034,1771431000,1067,1040,5842,76
402,10069,1771431000,1306,1306,1,1
403,10326,1771431000,88,88,9,14
404,10496,1771431000,582,1000,11,5
405,10810,1771431000,550,502,61,30
406,10828,1771431000,50666,49303,3,13
407,10925,1771431000,18994,18316,1102,6
408,10973,1771431000,995,650,2,4
409,11092,1771431000,2019,2027,3,15
410,11113,1771431000,11845,11806,1,15
411,11118,1771431000,12500,12002,8,7
412,11212,1771431000,2494,2426,568,760
413,11230,1771431000,1367,1365,10154,100
414,11237,1771431000,2493,2487,4423,4777
415,11242,1771431000,2051,2040,1310,2
416,11248,1771431000,3329,3302,3015,843
417,11802,1771431000,8813299,8614836,1,2
418,11804,1771431000,20200000,20362125,3,3
419,11806,1771431000,27417862,27005034,3,6
420,11832,1771431000,27885921,27527986,9,4
421,11834,1771431000,18409422,18269568,7,6
422,11840,1771431000,326897,323524,5,8
423,11876,1771431000,60,60,2000,631
424,11889,1771431000,1721711,1682706,3,2
425,11920,1771431000,485114,479375,8,1
426,11936,1771431000,1490,1459,1808,373
427,11959,1771431000,2765,2714,3669,166
428,11972,1771431000,12502,12091,3,2
429,11978,1771431000,11196,11069,56,116
430,11980,1771431000,13471,13463,133,2
431,12002,1771431000,682377,662502,7,4
432,12004,1771431000,356255,347424,3,9
433,12203,1771431000,12898,7633,1,1
434,12404,1771431000,1086,1091,68,1
435,12405,1771431000,2017,2002,33,20
436,12409,1771431000,6373,5702,4,36
437,12410,1771431000,2116,2028,15,21
438,12490,1771431000,32383,32000,2,2
439,12508,1771431000,121937,106709,3,3
440,12510,1771431000,185898,175390,4,3
441,12522,1771431000,5245,5000,3,1
442,12623,1771431000,6450,2369,2,1
443,12624,1771431000,7620,3000,2,2
444,12625,1771431000,5287,5197,1650,97
445,12695,1771431000,15084,15011,49,412
446,12697,1771431000,11793,11787,10,52
447,12699,1771431000,7931,7922,5,124
448,12701,1771431000,3972,3951,30,16
449,12779,1771431000,1784,1560,81,10
450,12829,1771431000,59021,56053,3,1
451,12863,1771431000,779500,770373,2,2
452,12877,1771431000,4112215,4060350,2,4
453,12913,1771431000,9773,9527,78,9
454,12919,1771431000,2591,2300,40,23
455,12924,1771431000,10786712,10564149,4,3
456,12929,1771431000,3784444,3687136,2,6
457,12934,1771431000,182,179,65289,30069
458,12938,1771431000,13824,13453,81,55
459,13190,1771431000,13734376,13861058,37,13
460,13233,1771431000,2312984,2226112,2,2
461,13239,1771431000,22482896,22475792,2,1
462,13271,1771431000,2113573,2073040,3,1
463,13383,1771431000,2199,2175,20,9
464,13421,1771431000,9,9,56,2613
465,13441,1771431000,1999,1995,1564,7
466,13502,1771431000,1848,1822,21,1
467,13511,1771431000,3559,3470,895,4
468,13573,1771431000,606,606,83,3148
469,13576,1771431000,14149031,14198062,2,1
470,19547,1771431000,21824000,21357840,6,2
471,19553,1771431000,21765876,21305210,8,4
472,19578,1771431000,270,270,93,2588
473,19580,1771431000,474,472,8256,7826
474,19582,1771431000,832,807,950,1497
475,19621,1771431000,2549,2381,19,6
476,19629,1771431000,2900,2733,25,25
477,19669,1771431000,958,954,12,631
478,19924,1771431000,286879,272000,3,2
479,19927,1771431000,271153,267203,1,3
480,19936,1771431000,410945,406111,3,1
481,20220,1771431000,11921,8299,2,1
482,20235,1771431000,4082,7026,4,2
483,20238,1771431000,347,256,2,10
484,20520,1771431000,227931,215490,2,1
485,20849,1771431000,398,390,40,8
486,21012,1771431000,47000000,46793854,2,7
487,21018,1771431000,63253849,61750000,1,4
488,21021,1771431000,147146527,147157016,2,1
489,21047,1771431000,48477,46771,4,3
490,21177,1771431000,946,940,49,105
491,21301,1771431000,907833,895983,2,2
492,21304,1771431000,708563,699445,3,4
493,21326,1771431000,185,177,4000,17781
494,21350,1771431000,215,214,9935,2205
495,21477,1771431000,471,457,100,1
496,21486,1771431000,69,68,200,15
497,21488,1771431000,324,280,210,1
498,21555,1771431000,37,35,22242,388
499,21622,1771431000,89,88,625,244
500,21802,1771431000,808,807,132,1485
501,21817,1771431000,43017,42735,28,1571
502,21820,1771431000,176,174,46175,7424
503,21880,1771431000,300,295,1230,15177
504,21902,1771431000,784956,764660,5,4
505,21930,1771431000,2970,2969,1529,10175
506,21932,1771431000,3203,3107,1031,1
507,21944,1771431000,3287,3261,1903,140
508,21946,1771431000,3046,3042,33347,10478
509,21948,1771431000,2418,2368,200,1
510,22209,1771431000,24056,23806,307,20
511,22246,1771431000,4590478,4500000,2,1
512,22446,1771431000,11710,11499,239,1117
513,22461,1771431000,21980,21055,4,12
514,22486,1771431000,1554999997,1551245551,1,1
515,22542,1771431000,6443417,6268648,2,2
516,22557,1771431000,722186,703966,5,6
517,22879,1771431000,6098,5791,154,164
518,22951,1771431000,419875,402246,4,2
519,22975,1771431000,3437998,3377278,2,8
520,22978,1771431000,70563660,69632795,4,6
521,22983,1771431000,13851608,13650000,5,2
522,22994,1771431000,748810,744276,4,1
523,23037,1771431000,900,579,1,2
524,23300,1771431000,114622,110000,1,1
525,23528,1771431000,307247,290072,2,3
526,23685,1771431000,20244,19871,678,84
527,23709,1771431000,6482,6447,20,2
528,23733,1771431000,6006,5908,157,25
529,23959,1771431000,2138419,2138419,2,2
530,24229,1771431000,1234922,1200558,13,1
531,24251,1771431000,17567,17347,5,89
532,24268,1771431000,18470679,18463465,3,1
533,24589,1771431000,180,171,2767,2217
534,24592,1771431000,115,107,2020,651
535,24595,1771431000,80,78,40,360
536,24598,1771431000,2078,2004,852,257
537,24607,1771431000,283,278,2866,4619
538,24613,1771431000,70,64,343,519
539,24621,1771431000,87,87,11,372
540,24777,1771431000,6882802,6768828,4,4
541,25413,1771431000,86000,82250,1,2
542,25416,1771431000,161192,156213,6,5
543,25849,1771431000,240,231,10910,18560
544,25975,1771431000,5187447,5120172,4,3
545,25985,1771431000,4102727,3995642,1,3
546,26219,1771431000,24026626,23891695,1,7
547,26390,1771431000,109957,105707,420,16
548,27226,1771431000,15010957,14568215,4,3
549,27238,1771431000,90734581,90139137,2,1
550,27241,1771431000,62985105,62689519,2,1
551,27612,1771431000,76846651,75145907,2,2
552,27616,1771431000,20,19,20000,7811
553,27629,1771431000,6110,6071,7,181
554,27652,1771431000,14985661,14986729,1,1
555,27657,1771431000,6555927,6487694,3,1
556,27662,1771431000,5073474,4960339,2,1
557,27676,1771431000,5152680,5069092,3,2
558,27690,1771431000,39547798,39006990,1,2
559,28217,1771431000,2406742,2311242,3,2
560,28307,1771431000,132471926,129463470,5,1
561,28878,1771431000,297,295,3740,2000
562,28988,1771431000,380660,380663,2,1
563,28991,1771431000,185,176,9459,479
564,29022,1771431000,4989845,4916439,3,4
565,29025,1771431000,10621288,10373669,3,5
566,29028,1771431000,867088,845717,4,2
567,29084,1771431000,95487,91420,2,1
568,29090,1771431000,5284,5101,2,4
569,29110,1771431000,133,130,1000,9
570,29116,1771431000,440,407,10,107
571,29171,1771431000,3530,3400,1,1
572,29195,1771431000,2995,2950,20,8
573,29280,1771431000,16270,16053,4,2
574,29283,1771431000,33609,33002,4,3
575,29286,1771431000,15250,14288,5,4
576,29289,1771431000,15158,14496,2,7
577,29307,1771431000,7000,6138,40,18
578,29449,1771431000,15700,15363,57,12
579,29455,1771431000,53744,49318,1,1
580,29577,1771431000,6851998,6745818,2,3
581,29580,1771431000,38111180,37436102,6,4
582,29782,1771431000,24814,23922,112,27
583,29796,1771431000,53237913,52307143,2,3
584,29801,1771431000,62219223,61393743,3,2
585,29824,1771431000,18220,18100,654,12
586,30068,1771431000,1423,1366,1,1
587,30137,1771431000,49360,49000,25,2
588,30634,1771431000,6398092,6203232,2,4
589,30750,1771431000,94588025,94588025,1,3
590,30753,1771431000,98378540,96791438,2,4
591,30756,1771431000,99700000,97663149,1,3
592,30771,1771431000,375,362,24955,3230
593,30773,1771431000,2100,2094,90,432
594,30775,1771431000,40959,40385,1,7
595,30843,1771431000,792,784,25746,4767
596,31081,1771431000,568641,541000,1,1
597,31099,1771431000,118328,116767,1,7
598,31106,1771431000,102397678,101451593,2,1
599,31111,1771431000,410,401,16231,4958
600,31115,1771431000,69800453,69087129,1,6
601,31432,1771431000,3200,3195,28,107
602,31435,1771431000,4349,4195,48,6
603,31541,1771431000,25,25,19,14
604,31585,1771431000,1638230,1638230,2,1
605,31638,1771431000,11600,11500,118,17
606,31647,1771431000,3229,3190,1,1
607,31716,1771431000,500,451,2,4212
608,31906,1771431000,8,7,1400,199
609,31910,1771431000,161,160,11361,1088
610,31973,1771431000,1227,1151,13134,180
611,31979,1771431000,2143,2120,50,52
612,31989,1771431000,18969,17544,2,2
613,32008,1771431000,4100,4035,100,10
614,32307,1771431000,806,799,4045,1543
615,32336,1771431000,3385,3042,200,100
616,32352,1771431000,6520,6362,240,208
617,32889,1771431000,1374,1296,195,1
618,32892,1771431000,2500,2097,28,1
619,32910,1771431000,933,933,100,2500
620,2,1771431300,273,265,72538,33761
621,36,1771431300,374,374,1,1
622,66,1771431300,258,250,1147,56
623,72,1771431300,775,750,1,3
624,95,1771431300,224,216,206,16
625,99,1771431300,6200,6100,10553,2
626,139,1771431300,6204,6183,11,202
627,173,1771431300,655,561,35,10
628,203,1771431300,150,149,610,359
629,205,1771431300,469,469,41,290
630,207,1771431300,5521,5502,658,1588
631,209,1771431300,2264,2242,2,481
632,213,1771431300,2837,2777,55,4828
633,217,1771431300,2110,2110,207,359
634,219,1771431300,3717,3717,207,3106
635,223,1771431300,192,191,1747,283
636,225,1771431300,287,277,2805,767
637,227,1771431300,4,5,2252,5315
638,229,1771431300,2,2,402,286
639,231,1771431300,546,538,10700,3197
640,243,1771431300,15,15,50,2
641,245,1771431300,959,951,61,232
642,249,1771431300,309,292,2,4
643,251,1771431300,201,196,90,2
644,253,1771431300,198,199,3620,3709
645,255,1771431300,516,511,14,3
646,257,1771431300,5629,5626,363,587
647,259,1771431300,2177,2163,5,21
648,261,1771431300,2438,2416,1901,291
649,263,1771431300,2921,2908,2,240
650,267,1771431300,2073,2073,175,178
651,269,1771431300,3820,3769,2170,1040
652,314,1771431300,2,2,103390,49547
653,315,1771431300,26,26,5,210
654,321,1771431300,19,16,4141,662
655,329,1771431300,60,60,114,8
656,333,1771431300,36,35,316,610
657,335,1771431300,68,67,88,20
658,351,1771431300,185,179,92,212
659,361,1771431300,92,90,309,304
660,365,1771431300,103,102,31,236
661,371,1771431300,203,195,6001,65
662,373,1771431300,206,196,2316,114
663,377,1771431300,158,156,1174,1
664,379,1771431300,151,151,1349,400
665,383,1771431300,598,584,7430,9367
666,385,1771431300,845,838,4979,1553
667,391,1771431300,1688,1683,635,395
668,397,1771431300,1114,1115,1600,7383
669,401,1771431300,8,5,258,102
670,434,1771431300,89,88,60,26
671,436,1771431300,13,13,20,10
672,440,1771431300,83,82,3177,17998
673,442,1771431300,57,55,10,5723
674,444,1771431300,130,126,30382,19909
675,447,1771431300,121,124,1622,669
676,449,1771431300,597,588,384,13100
677,451,1771431300,10208,10208,500,5425
678,453,1771431300,173,168,27902,63496
679,464,1771431300,268,252,19,1
680,526,1771431300,34,30,1172,6
681,532,1771431300,320,313,74,3147
682,534,1771431300,623,617,530,789
683,536,1771431300,2176,2148,12926,2101
684,554,1771431300,4,4,3335807,2020140
685,555,1771431300,5,4,97009,2000
686,556,1771431300,5,5,1459125,2381731
687,558,1771431300,4,4,1800,11887
688,560,1771431300,169,165,68863,34423
689,562,1771431300,82,80,147225,35193
690,563,1771431300,120,118,10630,11652
691,564,1771431300,97,96,7064,647
692,565,1771431300,240,237,182306,25457
693,566,1771431300,393,386,42266,14612
694,567,1771431300,52,53,1156,174
695,571,1771431300,798,792,142,1154
696,573,1771431300,1200,1191,2320,1603
697,590,1771431300,86,81,9,2
698,810,1771431300,44,39,37000,7033
699,820,1771431300,48,48,7000,500
700,822,1771431300,116,111,4171,9046
701,824,1771431300,1248,1204,1,1970
702,841,1771431300,66,56,1,1
703,845,1771431300,53,53,271,548
704,847,1771431300,191,165,10,293
705,855,1771431300,493,484,3738,57
706,859,1771431300,1212,1200,323,253
707,861,1771431300,840,832,2,14
708,884,1771431300,9,8,1000,690
709,886,1771431300,14,12,346,602
710,888,1771431300,15,15,3440,9256
711,890,1771431300,55,55,1041,984
712,892,1771431300,86,81,38373,5102
713,954,1771431300,60,57,134,9
714,960,1771431300,149,143,451,118
715,970,1771431300,115,115,203,1
716,991,1771431300,12000,31000,91,180
717,1011,1771431300,248,150,2,1
718,1017,1771431300,650,489,1,1
719,1035,1771431300,1692,1615,2,2
720,1061,1771431300,75,67,260,5
721,1065,1771431300,1506,1419,10,3
722,1067,1771431300,66,28,31,1
723,1069,1771431300,490,443,2,2
724,1071,1771431300,1448,1354,6,28
725,1073,1771431300,3699,3771,1,29
726,1079,1771431300,37960,37707,102,314
727,1085,1771431300,1236,1200,4,15
728,1093,1771431300,38215,38176,2,32
729,1099,1771431300,2243,2240,16,1
730,1103,1771431300,1,38,21,17
731,1111,1771431300,2900,2853,2,23
732,1113,1771431300,29723,29624,143,52
733,1115,1771431300,228,146,10,760
734,1119,1771431300,1050,1000,68,12
735,1123,1771431300,9703,9851,209,62
736,1127,1771431300,38412,38225,207,363
737,1135,1771431300,4469,4450,408,4
738,1141,1771431300,100,80,1,1
739,1147,1771431300,11290,11180,62,54
740,1149,1771431300,58853,58714,8,80
741,1161,1771431300,1968,1887,4,21
742,1163,1771431300,20835,20851,15,373
743,1169,1771431300,50,32,2,1
744,1183,1771431300,2081,2067,2,1
745,1195,1771431300,3000,1967,2,3
746,1201,1771431300,32320,32126,153,399
747,1205,1771431300,8,5,83,1
748,1247,1771431300,12117,12111,1,13
749,1249,1771431300,37168,36666,2,12
750,1265,1771431300,85,81,1,2
751,1269,1771431300,1088,1045,3,1
752,1271,1771431300,1746,1600,5,1
753,1273,1771431300,537,494,12,2
754,1275,1771431300,19290,19085,4,120
755,1303,1771431300,18803,18757,2,159
756,1305,1771431300,59198,59206,64,136
757,1315,1771431300,1563,1426,1,2
758,1319,1771431300,38151,37881,16,126
759,1331,1771431300,1500,1500,3,7
760,1333,1771431300,15137,15028,140,253
761,1353,1771431300,1800,787,36,3
762,1355,1771431300,248,241,4,1
763,1357,1771431300,2200,1888,15,6
764,1359,1771431300,7736,7367,31,16
765,1361,1771431300,1955,1471,1,7
766,1373,1771431300,24753,24725,10,61
767,1377,1771431300,119436,119000,2,22
768,1379,1771431300,500,100,2,4
769,1381,1771431300,1906,1868,1,2
770,1383,1771431300,1611,1570,1,1
771,1385,1771431300,936,747,1,8
772,1391,1771431300,8038,8069,1692,3847
773,1393,1771431300,8855,8836,1,60
774,1395,1771431300,8750,8726,3365,129
775,1397,1771431300,8850,8780,160,456
776,1399,1771431300,8784,8714,2,15
777,1401,1771431300,25874,24902,2,22
778,1405,1771431300,25222,25135,2,52
779,1407,1771431300,24780,24780,3,77
780,1432,1771431300,8367,8200,436,55
781,1440,1771431300,704,651,1,2
782,1444,1771431300,207,205,1,1
783,1462,1771431300,190,188,3,1
784,1474,1771431300,2533,2516,5,1
785,1511,1771431300,24,22,1240,1
786,1513,1771431300,994,975,12635,4853
787,1515,1771431300,132,129,4320,11199
788,1519,1771431300,23,23,11376,1
789,1521,1771431300,26,25,143,230
790,1539,1771431300,23,24,3585,420
791,1540,1771431300,87,61,1,6
792,1550,1771431300,20,20,2,2
793,1595,1771431300,346,276,1,1
794,1601,1771431300,1773,1753,13074,1714
795,1603,1771431300,923,905,371,449
796,1605,1771431300,525,520,2349,1111
797,1607,1771431300,306,304,538,1237
798,1611,1771431300,301,288,2010,3
799,1615,1771431300,11271,11057,465,1319
800,1617,1771431300,2849,2813,1621,6976
801,1619,1771431300,1222,1220,797,16509
802,1621,1771431300,608,590,4673,625
803,1623,1771431300,320,315,207,646
804,1631,1771431300,16336,16022,2,453
805,1635,1771431300,142,138,44,123
806,1637,1771431300,513,510,2,410
807,1639,1771431300,660,658,1,79
808,1643,1771431300,1988,1980,119,1001
809,1645,1771431300,11739,11739,200,208
810,1658,1771431300,755,754,1,159
811,1660,1771431300,1205,1205,50,12088
812,1662,1771431300,2091,2089,365,1
813,1696,1771431300,722,707,1,10
814,1704,1771431300,12229,12211,1,80
815,1712,1771431300,12965,12348,28,1
816,1718,1771431300,520,503,6,1
817,1727,1771431300,525,525,1,3
818,1734,1771431300,8,8,17,3106
819,1741,1771431300,233,226,503,310
820,1745,1771431300,1949,1916,1400,1476
821,1747,1771431300,3689,3680,280,1119
822,1749,1771431300,2447,2427,1,2010
823,1753,1771431300,1650,1640,26,1475
824,1759,1771431300,60,60,37,1000
825,1761,1771431300,156,150,25,552
826,1763,1771431300,528,502,11,1
827,1775,1771431300,90,83,13319,66461
828,1777,1771431300,87,87,15005,209
829,1779,1771431300,2,2,410,20400
830,1783,1771431300,13,11,12918,84
831,1791,1771431300,188,187,3,14
832,1917,1771431300,100,97,106,203
833,1925,1771431300,8,7,8,1
834,1927,1771431300,55,53,8,34
835,1931,1771431300,31,27,65,10
836,1937,1771431300,16,15,253,664
837,1939,1771431300,4,3,1000,8420
838,1957,1771431300,14,13,2,1985
839,1963,1771431300,47,46,27,27
840,1971,1771431300,50,49,1,3
841,1975,1771431300,55,55,92,1
842,1987,1771431300,97,95,4,35911
843,1993,1771431300,4,5,682,6000
844,2007,1771431300,93,65,4,537
845,2114,1771431300,190,190,3788,401
846,2132,1771431300,33,32,256,1
847,2138,1771431300,23,22,21,17
848,2140,1771431300,97,91,59,114
849,2142,1771431300,100,86,59,2
850,2162,1771431300,650,647,1,2
851,2309,1771431300,180,179,16,2
852,2313,1771431300,99,88,1,17
853,2349,1771431300,73,70,522,4079
854,2351,1771431300,184,181,968,14
855,2353,1771431300,639,627,18383,15290
856,2355,1771431300,106,106,1166,1141
857,2357,1771431300,103,101,16854,6855
858,2359,1771431300,1000,979,1621,3186
859,2361,1771431300,2142,2118,1186,1427
860,2363,1771431300,12400,12400,1705,11820
861,2432,1771431300,685,685,1,10
862,2434,1771431300,8450,8339,4771,1302
863,2436,1771431300,3199,3165,4022,1009
864,2440,1771431300,3929,3925,479,1004
865,2442,1771431300,3710,3707,230,1000
866,2444,1771431300,2570,2540,597,157
867,2446,1771431300,236,211,120,1
868,2452,1771431300,1567,1500,64,14
869,2481,1771431300,2044,2030,103,179
870,2487,1771431300,1742,1400,2,2
871,2495,1771431300,2998,2800,1,2
872,2497,1771431300,3489,3101,21,1
873,2499,1771431300,5118,5041,151,1330
874,2501,1771431300,6070,6014,140,3
875,2503,1771431300,7240,7236,828,52
876,2505,1771431300,2210,2210,1054,1360
877,2550,1771431300,849,817,359,310
878,2552,1771431300,735,735,469,127
879,2572,1771431300,12300,12300,141,90
880,2866,1771431300,260,260,350,100
881,2876,1771431300,1573,1500,473,2
882,2970,1771431300,375,351,838,924
883,3004,1771431300,8800,8790,1,180
884,3016,1771431300,3200,3115,100,2
885,3024,1771431300,10730,10533,6239,179
886,3051,1771431300,8107,8069,39,282
887,3053,1771431300,9359,9369,9,37
888,3101,1771431300,6599,6561,2,25
889,3105,1771431300,602,694,2,1
890,3138,1771431300,54,54,12,64
891,3140,1771431300,340000,324766,2,1
892,3142,1771431300,385,380,7785,1664
893,3144,1771431300,524,502,8308,1497
894,3202,1771431300,39420,37760,1,11
895,3420,1771431300,270,264,31,17
896,3430,1771431300,3150,3142,2,182
897,3751,1771431300,39276,38011,2,1
898,4087,1771431300,161000,160400,1,78
899,4089,1771431300,14066,13714,7,10
900,4091,1771431300,71141,71117,2,41
901,4093,1771431300,47294,47206,10,33
902,4097,1771431300,6050,5582,22,8
903,4131,1771431300,7285,6887,9,5
904,4151,1771431300,1288191,1282884,1,23
905,4153,1771431300,200129,200000,20,12
906,4315,1771431300,1032,208,2,1
907,4542,1771431300,15,12,1,5977
908,4585,1771431300,161146,160679,5,79
909,4587,1771431300,59676,59250,6,8
910,4675,1771431300,61082,60702,3,11
911,4696,1771431300,9,8,34347,9600
912,4697,1771431300,88,87,1125,1787
913,4698,1771431300,98,96,1,1884
914,4708,1771431300,380773,362259,2,2
915,4712,1771431300,2219052,2189641,2,2
916,4714,1771431300,1733026,1723219,2,3
917,4720,1771431300,956000,950068,1,2
918,4822,1771431300,83,81,3532,12061
919,4823,1771431300,137,135,2214,796
920,4824,1771431300,832,832,648,400
921,5075,1771431300,5001,5003,1857,121
922,5105,1771431300,3,3,19,23
923,5106,1771431300,11,15,13,245
924,5280,1771431300,29,22,205,15
925,5288,1771431300,1438,1515,15,125
926,5295,1771431300,24508,24370,264,261
927,5297,1771431300,122,120,2,43
928,5299,1771431300,1417,1450,59,86
929,5300,1771431300,51654,50305,91,167
930,5301,1771431300,3992,3825,9,36
931,5302,1771431300,177,167,9,30
932,5304,1771431300,13945,13370,32,64
933,5305,1771431300,8,7,1100,1043
934,5306,1771431300,6,4,3,5960
935,5308,1771431300,9,8,1008,18
936,5312,1771431300,86,81,81,25
937,5315,1771431300,31221,31167,113,331
938,5321,1771431300,44,50,12,136
939,5323,1771431300,20,18,17,22
940,5350,1771431300,6,6,18,3
941,5371,1771431300,552,545,160,84
942,5373,1771431300,33699,33373,303,15
943,5500,1771431300,433,390,100,8
944,5501,1771431300,4995,3180,146,5
945,5521,1771431300,790,703,11,50
946,5525,1771431300,73,73,547,1653
947,5698,1771431300,18917,18459,4,2
948,5935,1771431300,315,227,1000,13
949,5952,1771431300,4829,4762,70,122
950,5972,1771431300,1686,1629,1,206
951,5974,1771431300,1874,1830,840,1163
952,5982,1771431300,19,18,76,200
953,6016,1771431300,2206,2203,327,318
954,6018,1771431300,333,349,48,68
955,6022,1771431300,106,141,24,208
956,6024,1771431300,132,132,17,40
957,6034,1771431300,38,20,1290,1084
958,6055,1771431300,256,255,13,152
959,6324,1771431300,593,15,2,10
960,6328,1771431300,538,425,2,14
961,6332,1771431300,232,230,3917,8863
962,6333,1771431300,121,116,996,8
963,6562,1771431300,80000,61768,1,2
964,6568,1771431300,585630,564979,1,1
965,6585,1771431300,2337285,2280627,8,5
966,6685,1771431300,8250,8147,6306,61
967,6693,1771431300,5155,5085,636,51
968,6731,1771431300,1064072,1020733,4,5
969,6733,1771431300,3090013,2996969,3,4
970,6737,1771431300,3091930,3030778,5,11
971,6739,1771431300,90879,88068,6,2
972,7218,1771431300,833,816,132,26
973,7330,1771431300,60,55,59,10
974,7418,1771431300,5800,5748,50,18
975,7944,1771431300,236,232,300,2266
976,7946,1771431300,290,282,10237,331
977,8008,1771431300,720,646,837,3032
978,8011,1771431300,833,823,1153,2
979,8012,1771431300,538,519,34,11
980,8013,1771431300,696,694,4290,18
981,8780,1771431300,880,866,16947,1377
982,8782,1771431300,2068,2041,25970,5005
983,8790,1771431300,469,432,416,55
984,9075,1771431300,74,71,26937,435635
985,9143,1771431300,199,195,1009,1630
986,9144,1771431300,144,140,7750,1163
987,9185,1771431300,9606,9150,5,7
988,9191,1771431300,113,112,3000,300
989,9242,1771431300,163,159,700,421
990,9243,1771431300,184,183,5998,5354
991,9244,1771431300,440,430,100,468
992,9340,1771431300,379,367,2000,768
993,9381,1771431300,181,181,682,1222
994,9470,1771431300,1034000,994000,1,1
995,9739,1771431300,308,296,101,10
996,10012,1771431300,5,4,4,64
997,10127,1771431300,149,140,2,39
998,10284,1771431300,1583,1546,3,1
999,10380,1771431300,174786,169165,1,2
1000,10476,1771431300,6449,6400,100,632
1001,10828,1771431300,50650,49303,1,4
1002,10925,1771431300,18984,18316,178,59
1003,10927,1771431300,13370,13360,1,4
1004,11092,1771431300,2059,2027,1,20
1005,11126,1771431300,12099,12002,2,64
1006,11133,1771431300,2302933,2266764,3,3
1007,11212,1771431300,2470,2427,4800,10165
1008,11230,1771431300,1359,1325,1581,619
1009,11237,1771431300,2490,2483,263,481
1010,11242,1771431300,2051,2040,500,2
1011,11246,1771431300,2080,2001,50,5
1012,11248,1771431300,3330,3257,420,80
1013,11254,1771431300,37196,37023,10,47
1014,11260,1771431300,613,610,322,28
1015,11334,1771431300,8,8,1986,2000
1016,11802,1771431300,8760073,8734025,2,3
1017,11804,1771431300,20586648,20091371,3,2
1018,11826,1771431300,8800000,8590611,1,2
1019,11832,1771431300,27634702,27318227,2,5
1020,11834,1771431300,18438197,18050146,2,3
1021,11838,1771431300,262098,243847,1,4
1022,11840,1771431300,326897,323524,9,7
1023,11889,1771431300,1719118,1682718,2,2
1024,11934,1771431300,1173,1210,389,50
1025,11936,1771431300,1478,1459,286,488
1026,11978,1771431300,11190,11080,122,22
1027,12002,1771431300,681335,668199,7,5
1028,12004,1771431300,358358,345956,2,4
1029,12402,1771431300,32125,31000,7,26
1030,12403,1771431300,9200,8279,4,1
1031,12404,1771431300,1140,1091,3,2
1032,12405,1771431300,2216,2002,56,16
1033,12406,1771431300,16892,16496,29,1
1034,12407,1771431300,1249,1173,12,19
1035,12408,1771431300,3997,3712,11,20
1036,12409,1771431300,6373,5702,1,7
1037,12410,1771431300,2130,2014,65,8
1038,12526,1771431300,288089,200000,1,1
1039,12601,1771431300,831553,810443,1,1
1040,12617,1771431300,7200,4000,1,2
1041,12625,1771431300,5331,5197,1142,95
1042,12627,1771431300,4099,4018,4,1
1043,12642,1771431300,6300,6189,11,9
1044,12695,1771431300,15354,15085,151,117
1045,12701,1771431300,3972,3951,100,1
1046,12775,1771431300,2823,2611,249,20
1047,12782,1771431300,969,729,1,2
1048,12829,1771431300,58866,56159,2,2
1049,12863,1771431300,779500,763314,3,2
1050,12924,1771431300,10780204,10561339,3,1
1051,12929,1771431300,3700000,3686039,2,2
1052,12934,1771431300,183,181,95114,7739
1053,12938,1771431300,13813,13459,36,44
1054,12988,1771431300,65673,16236,2,1
1055,13024,1771431300,134750,130000,1,1
1056,13190,1771431300,13583344,13555395,57,14
1057,13235,1771431300,5562128,5423271,2,1
1058,13239,1771431300,22475792,22210436,2,2
1059,13263,1771431300,18446285,18010000,1,1
1060,13421,1771431300,9,9,2157,521
1061,13439,1771431300,1845,1840,15000,480
1062,13441,1771431300,1999,1995,1620,1
1063,13463,1771431300,710,559,1,1
1064,13502,1771431300,1822,1822,5,4
1065,13576,1771431300,14311878,14198062,5,2
1066,13652,1771431300,46864784,45629419,2,4
1067,19481,1771431300,1108000,1100000,1,10
1068,19484,1771431300,800,789,51,2315
1069,19547,1771431300,21834483,21356330,5,2
1070,19553,1771431300,21747136,21602755,6,1
1071,19580,1771431300,475,461,15025,18410
1072,19582,1771431300,836,852,172,10470
1073,19629,1771431300,2895,2816,31,1
1074,19669,1771431300,962,954,3300,1735
1075,19924,1771431300,289819,272000,2,1
1076,19930,1771431300,467646,454524,1,2
1077,19933,1771431300,281077,275803,2,1
1078,20101,1771431300,3000000,2894880,2,2
1079,20226,1771431300,4465,3400,3,1
1080,20238,1771431300,438,256,25,7
1081,20716,1771431300,1025040,993900,4,2
1082,20718,1771431300,4340,4331,21,1008
1083,21000,1771431300,17222416,16841880,2,1
1084,21006,1771431300,88400000,88000000,2,1
1085,21028,1771431300,2769310,2763997,2,3
1086,21034,1771431300,21000000,20527478,2,1
1087,21140,1771431300,4349,4301,4,1
1088,21166,1771431300,4106,4043,137,82
1089,21177,1771431300,943,940,67,37
1090,21298,1771431300,580000,576730,2,2
1091,21304,1771431300,724000,697750,1,3
1092,21316,1771431300,240,235,10000,1538
1093,21326,1771431300,183,181,13350,896
1094,21347,1771431300,3397,3353,347,459
1095,21350,1771431300,215,214,40000,3435
1096,21488,1771431300,325,280,24,14
1097,21555,1771431300,37,32,6477,2299
1098,21802,1771431300,808,807,102,1003
1099,21817,1771431300,42946,42733,3,1467
1100,21820,1771431300,177,172,103270,142546
1101,21880,1771431300,298,293,4762,47847
1102,21902,1771431300,784678,768060,9,7
1103,21940,1771431300,3064,2900,100,1
1104,21944,1771431300,3294,3271,7900,2887
1105,21946,1771431300,3142,3051,5800,8002
1106,22124,1771431300,26000,25903,1,1032
1107,22209,1771431300,24056,23261,141,21
1108,22324,1771431300,31549997,30824396,1,6
1109,22446,1771431300,11808,11745,2000,200
1110,22461,1771431300,21962,21810,13,65
1111,22486,1771431300,1552493994,1548789612,4,1
1112,22557,1771431300,725942,698077,1,2
1113,22595,1771431300,130,125,500,152
1114,22856,1771431300,22750,22126,42,1
1115,22866,1771431300,174528,168251,24,4
1116,22869,1771431300,20100,20100,5,2
1117,22879,1771431300,6083,5882,82,50
1118,22975,1771431300,3467858,3377386,1,1
1119,23064,1771431300,125000,100000,1,2
1120,23389,1771431300,512881,491711,3,3
1121,23499,1771431300,35950,35950,2,102
1122,23528,1771431300,296954,290072,1,1
1123,23685,1771431300,20204,19871,560,61
1124,23742,1771431300,1689,1577,50,4
1125,23956,1771431300,7886948,7886948,6,2
1126,23959,1771431300,2138419,2138419,2,2
1127,24187,1771431300,634802,617790,22,8
1128,24251,1771431300,17671,17347,17,14
1129,24291,1771431300,517481,462476,1,2
1130,24585,1771431300,59391,56589,12,8
1131,24587,1771431300,6398959,6197470,2,4
1132,24589,1771431300,180,173,2097,314
1133,24592,1771431300,115,107,300,258
1134,24595,1771431300,80,78,300,375
1135,24598,1771431300,2097,2039,2762,111
1136,24607,1771431300,285,278,8826,3988
1137,24613,1771431300,64,63,200,629
1138,24615,1771431300,74,65,200,945
1139,24621,1771431300,91,87,679,331
1140,24635,1771431300,25867,25000,42,8
1141,25407,1771431300,38999,35010,1,1
1142,25410,1771431300,43000,40222,1,5
1143,25849,1771431300,240,239,29000,3746
1144,25975,1771431300,5180000,5098856,5,4
1145,25985,1771431300,4094518,3988600,4,4
1146,26382,1771431300,248868678,244112000,1,1
1147,26384,1771431300,213789789,208606002,1,1
1148,26945,1771431300,3219422,3163259,1,6
1149,27235,1771431300,24410944,24011627,4,2
1150,27616,1771431300,19,19,78431,45551
1151,27629,1771431300,6110,6058,75,1
1152,27652,1771431300,15318480,15086777,1,3
1153,27657,1771431300,6561300,6385640,4,5
1154,27690,1771431300,40000000,39097718,3,9
1155,28217,1771431300,2416644,2322496,2,2
1156,28334,1771431300,419712,418351,3,58
1157,28810,1771431300,961083,936289,7,4
1158,28872,1771431300,174,158,300,8
1159,28878,1771431300,297,295,200,849
1160,28924,1771431300,242,236,29525,184
1161,28988,1771431300,384271,380663,1,2
1162,28991,1771431300,185,176,14000,938
1163,28997,1771431300,6779730,6739327,5,4
1164,29000,1771431300,2211765,2155685,3,3
1165,29013,1771431300,1866535,1808026,2,1
1166,29025,1771431300,10510629,10367676,2,2
1167,29107,1771431300,875,800,41,3
1168,29143,1771431300,2120,2018,444,176
1169,29280,1771431300,16270,16053,1,2
1170,29283,1771431300,33609,33002,1,4
1171,29286,1771431300,15250,14050,2,1
1172,29307,1771431300,7000,6301,30,20
1173,29782,1771431300,24974,23922,12,1
1174,29784,1771431300,2100,2090,200,1165
1175,29806,1771431300,3157376,3136817,7,2
1176,29889,1771431300,83854,82978,1,1
1177,30073,1771431300,1321951,1283593,1,2
1178,30125,1771431300,58465,58018,193,77
1179,30137,1771431300,49360,49100,11,7
1180,30900,1771431300,234,201,5,3128
1181,31081,1771431300,562593,553499,2,4
1182,31099,1771431300,118146,116142,13,9
1183,31111,1771431300,409,401,3330,598
1184,31248,1771431300,595016,577003,2,1
1185,31406,1771431300,58193,57757,332,77
1186,31435,1771431300,4348,4326,30,7
1187,31472,1771431300,525,467,100,50
1188,31484,1771431300,3739,3655,10,87
1189,31511,1771431300,500,500,1,7
1190,31515,1771431300,6142,5108,4,19
1191,31906,1771431300,7,7,1713,1
1192,31910,1771431300,161,160,12472,6
1193,31912,1771431300,566,544,800,715
1194,31916,1771431300,2300,2291,1,147
1195,31959,1771431300,384806,376674,2,2
1196,31973,1771431300,1222,1166,20,1056
1197,31979,1771431300,2143,2120,200,2
1198,32352,1771431300,6520,6362,642,34
1199,32910,1771431300,933,880,11,1
1200,2,1771431600,274,269,108573,21423
1201,6,1771431600,192500,186675,1,1
1202,36,1771431600,374,371,6,2
1203,41,1771431600,12,12,382,3
1204,42,1771431600,37,36,2427,52
1205,43,1771431600,109,106,1,909
1206,45,1771431600,18,14,90,989
1207,66,1771431600,250,250,145,129
1208,72,1771431600,750,750,1,1
1209,95,1771431600,224,215,1,2
1210,99,1771431600,6200,6101,2420,637
1211,103,1771431600,2927,2736,346,56
1212,109,1771431600,2471,2476,859,999
1213,139,1771431600,6204,6181,2003,2005
1214,169,1771431600,1827,1768,201,1
1215,173,1771431600,697,697,1,62
1216,203,1771431600,150,149,2,457
1217,205,1771431600,485,469,1451,314
1218,207,1771431600,5521,5504,1066,1179
1219,209,1771431600,2264,2234,33,441
1220,211,1771431600,2349,2340,1993,954
1221,213,1771431600,2850,2777,200,789
1222,215,1771431600,3133,3127,688,347
1223,219,1771431600,3717,3708,10,124
1224,223,1771431600,192,191,1002,358
1225,225,1771431600,280,277,972,368
1226,229,1771431600,3,2,69,142
1227,231,1771431600,547,540,8218,25
1228,237,1771431600,241,224,2,16
1229,245,1771431600,959,951,60,455
1230,249,1771431600,280,275,1,4
1231,251,1771431600,216,196,2,40
1232,253,1771431600,190,190,246,92
1233,255,1771431600,515,516,4960,2540
1234,257,1771431600,5624,5624,351,165
1235,259,1771431600,2200,2163,2,151
1236,261,1771431600,2442,2419,118,119
1237,267,1771431600,2073,2153,32,3480
1238,299,1771431600,1029,1024,20,2240
1239,307,1771431600,17,17,2,1
1240,314,1771431600,3,2,99370,1521
1241,329,1771431600,63,61,112,120
1242,331,1771431600,48,46,249,593
1243,333,1771431600,36,35,310,78
1244,335,1771431600,68,67,112,26
1245,351,1771431600,185,179,182,151
1246,359,1771431600,75,73,51,696
1247,361,1771431600,92,90,403,13
1248,365,1771431600,104,102,2,88
1249,371,1771431600,195,195,711,756
1250,373,1771431600,205,196,289,69
1251,377,1771431600,156,154,182,756
1252,379,1771431600,150,148,994,1925
1253,383,1771431600,582,580,442,17180
1254,385,1771431600,850,850,6282,1578
1255,391,1771431600,1689,1685,172,881
1256,395,1771431600,803,740,1,1849
1257,401,1771431600,5,5,752,125
1258,405,1771431600,1377,932,2,1
1259,411,1771431600,29,28,1,4
1260,434,1771431600,88,88,6009,5979
1261,436,1771431600,13,12,8,3
1262,440,1771431600,82,83,5712,3098
1263,444,1771431600,127,126,2059,33503
1264,447,1771431600,127,126,1002,1229
1265,451,1771431600,10201,10194,101,2509
1266,453,1771431600,174,170,31672,31785
1267,526,1771431600,34,30,376,92
1268,532,1771431600,314,314,62,738
1269,536,1771431600,2174,2156,3142,1513
1270,542,1771431600,199,191,1,10
1271,544,1771431600,526,510,2,9
1272,555,1771431600,5,4,37910,414
1273,556,1771431600,6,5,49175,18354
1274,557,1771431600,5,4,90810,142
1275,558,1771431600,4,4,3703,15696
1276,560,1771431600,170,164,101636,47511
1277,561,1771431600,99,98,41251,302
1278,562,1771431600,83,80,123812,72681
1279,563,1771431600,121,118,23403,9228
1280,564,1771431600,97,96,21140,283
1281,565,1771431600,242,238,109233,40324
1282,566,1771431600,389,387,49539,47198
1283,567,1771431600,55,54,6032,8074
1284,569,1771431600,1166,1160,2,73
1285,571,1771431600,820,803,15,655
1286,573,1771431600,1200,1191,6372,91
1287,575,1771431600,853,853,137,1112
1288,805,1771431600,199,190,1,3
1289,808,1771431600,4,3,12281,1000
1290,809,1771431600,12,11,2165,15055
1291,810,1771431600,44,39,44650,1809
1292,822,1771431600,115,110,5194,60350
1293,823,1771431600,211,206,20004,11335
1294,830,1771431600,148,141,447,10
1295,845,1771431600,63,53,2,191
1296,847,1771431600,191,171,11,3
1297,853,1771431600,196,189,1,1
1298,855,1771431600,496,492,1412,3
1299,857,1771431600,407,400,2,3
1300,859,1771431600,1212,1200,1,5
1301,861,1771431600,840,832,1,4
1302,882,1771431600,4,4,1020,119
1303,884,1771431600,9,8,508,1921
1304,886,1771431600,14,12,1827,502
1305,888,1771431600,15,14,8735,29
1306,890,1771431600,56,54,8302,2616
1307,892,1771431600,83,82,7302,6815
1308,960,1771431600,144,143,647,90
1309,970,1771431600,115,115,26,2
1310,985,1771431600,11990,11808,14,36
1311,987,1771431600,12100,11404,6,28
1312,989,1771431600,25989,24387,1,62
1313,991,1771431600,12047,30533,591,914
1314,1007,1771431600,94,91,2,8
1315,1013,1771431600,523,99,3,10
1316,1035,1771431600,975,1615,1,4
1317,1061,1771431600,75,66,18,9
1318,1065,1771431600,1506,1419,1,103
1319,1069,1771431600,526,443,2,2
1320,1073,1771431600,3699,3988,5,40
1321,1077,1771431600,1248,1203,3,1
1322,1079,1771431600,37863,37726,219,54
1323,1085,1771431600,1355,1200,46,2
1324,1093,1771431600,38215,38177,29,9
1325,1099,1771431600,2243,2241,2,4
1326,1105,1771431600,500,237,2,1
1327,1111,1771431600,2900,2853,2,32
1328,1113,1771431600,29804,29698,33,44
1329,1115,1771431600,161,136,3,1
1330,1119,1771431600,1050,1023,3,4
1331,1121,1771431600,2854,2854,3,5
1332,1123,1771431600,9888,9864,4,41
1333,1127,1771431600,38575,38215,212,117
1334,1129,1771431600,23,11,13,3
1335,1131,1771431600,20,15,2,2
1336,1135,1771431600,4469,4450,498,79
1337,1141,1771431600,100,80,1,3
1338,1149,1771431600,58850,58825,16,43
1339,1161,1771431600,3655,2109,5,12
1340,1163,1771431600,20835,20854,1,262
1341,1165,1771431600,552,546,5,2
1342,1169,1771431600,50,29,3,62
1343,1183,1771431600,2081,2067,3,6
1344,1185,1771431600,22833,22798,3,57
1345,1195,1771431600,3000,1775,1,2
1346,1201,1771431600,32327,32273,39,371
1347,1203,1771431600,29,19,3,5
1348,1205,1771431600,5,5,1,2
1349,1207,1771431600,395,102,1,34
1350,1211,1771431600,290,273,10,2
1351,1213,1771431600,4580,4519,3,45
1352,1243,1771431600,261,259,1,3
1353,1265,1771431600,81,81,168,1
1354,1267,1771431600,203,139,8,1
1355,1269,1771431600,1078,937,3,1
1356,1273,1771431600,504,450,19,3
1357,1275,1771431600,19290,19088,6,90
1358,1279,1771431600,39,44,3,251
1359,1281,1771431600,59,70,2,1
1360,1289,1771431600,12260,12260,11,9
1361,1303,1771431600,18947,18864,76,104
1362,1315,1771431600,1518,1439,126,7
1363,1317,1771431600,3695,3648,3,6
1364,1319,1771431600,38128,37800,4,64
1365,1327,1771431600,3500,3337,2,2
1366,1333,1771431600,15198,15136,16,149
1367,1347,1771431600,24592,23919,81,192
1368,1351,1771431600,286,102,1,8
1369,1353,1771431600,1800,430,49,10
1370,1357,1771431600,2200,1920,13,9
1371,1359,1771431600,7795,7300,34,59
1372,1361,1771431600,1955,1446,2,1
1373,1371,1771431600,2798,2491,53,15
1374,1373,1771431600,24769,24545,14,39
1375,1381,1771431600,1990,1874,2,13
1376,1383,1771431600,1611,1570,1,1
1377,1391,1771431600,8052,7934,2964,2207
1378,1395,1771431600,8790,8800,94,22394
1379,1397,1771431600,8786,8791,1695,3258
1380,1399,1771431600,8784,8714,5887,8
1381,1401,1771431600,25438,24902,2,6
1382,1424,1771431600,73,35,2,48
1383,1432,1771431600,8413,8523,142,70
1384,1434,1771431600,29331,29003,4,31
1385,1440,1771431600,703,651,2,2206
1386,1448,1771431600,2052,2039,2,2
1387,1462,1771431600,190,188,4,2
1388,1472,1771431600,2344,2280,2,1
1389,1478,1771431600,4000,2500,1,1
1390,1511,1771431600,25,25,1155,106
1391,1513,1771431600,991,966,2996,7083
1392,1515,1771431600,132,129,12706,13595
1393,1519,1771431600,24,23,4922,15
1394,1539,1771431600,22,24,9973,200
1395,1550,1771431600,20,20,2,3
1396,1573,1771431600,95,86,1,5
1397,1601,1771431600,1753,1748,49,1329
1398,1603,1771431600,924,916,1598,1962
1399,1605,1771431600,525,519,1176,2029
1400,1607,1771431600,311,304,4,402
1401,1609,1771431600,246,245,312,112
1402,1613,1771431600,4000,3770,2,2
1403,1617,1771431600,2826,2826,780,2962
1404,1619,1771431600,1222,1220,607,2612
1405,1623,1771431600,322,315,16871,213
1406,1631,1771431600,16480,16023,1000,266
1407,1635,1771431600,142,138,2,83
1408,1637,1771431600,504,503,1,129
1409,1641,1771431600,1110,1093,1,12
1410,1645,1771431600,11779,11739,4,41
1411,1654,1771431600,164,159,1855,1655
1412,1658,1771431600,755,755,1,1007
1413,1704,1771431600,12228,12211,2,235
1414,1712,1771431600,12965,12396,1,38
1415,1727,1771431600,530,525,2,3
1416,1731,1771431600,2231,2138,3,7
1417,1734,1771431600,8,8,1056,100
1418,1741,1771431600,228,226,140,81
1419,1745,1771431600,1950,1950,1272,635
1420,1747,1771431600,3361,3556,31749,793
1421,1753,1771431600,1658,1692,1462,433
1422,1755,1771431600,94,94,16,2
1423,1759,1771431600,60,60,130,4
1424,1761,1771431600,155,150,43,132
1425,1775,1771431600,83,81,754,46
1426,1831,1771431600,4,2,2,3
1427,1835,1771431600,357,340,2,2
1428,1887,1771431600,89,80,1,2
1429,1917,1771431600,100,97,8,1
1430,1919,1771431600,23,21,1,26
1431,1923,1771431600,17,17,32,1
1432,1929,1771431600,40,40,11,2
1433,1931,1771431600,31,31,111,108
1434,1939,1771431600,3,2,1503,475
1435,1941,1771431600,16,14,777,30
1436,1947,1771431600,8,8,10,13000
1437,1963,1771431600,47,47,11,33
1438,1987,1771431600,97,95,13628,3574
1439,1993,1771431600,4,4,4078,33
1440,2003,1771431600,78,78,10,1
1441,2007,1771431600,75,72,3,4
1442,2114,1771431600,189,181,22,308
1443,2132,1771431600,33,33,149,1
1444,2136,1771431600,175,171,1,1
1445,2138,1771431600,23,23,19,10
1446,2142,1771431600,100,86,118,10
1447,2327,1771431600,42,40,110,10
1448,2349,1771431600,73,69,2343,453
1449,2351,1771431600,184,177,148,5062
1450,2353,1771431600,636,625,7939,52135
1451,2355,1771431600,106,104,6,520
1452,2357,1771431600,103,100,3418,19307
1453,2359,1771431600,1001,998,617,760
1454,2361,1771431600,2138,2123,64,1301
1455,2363,1771431600,12408,12400,14089,8219
1456,2434,1771431600,8453,8453,2979,1498
1457,2436,1771431600,3173,3174,86,193
1458,2442,1771431600,3650,3703,20,306
1459,2444,1771431600,2565,2540,314,369
1460,2487,1771431600,1742,1430,4,4
1461,2489,1771431600,1950,1855,1,3
1462,2491,1771431600,2156,2151,3,10
1463,2493,1771431600,2227,1959,3,1
1464,2495,1771431600,2998,2800,8,16
1465,2497,1771431600,3393,3238,111,2
1466,2499,1771431600,5160,5035,1,1010
1467,2501,1771431600,6070,6014,2,16
1468,2503,1771431600,7240,7236,14,107
1469,2505,1771431600,2211,2210,19306,273
1470,2507,1771431600,2808,2795,1,1
1471,2509,1771431600,4020,4020,270,4
1472,2550,1771431600,848,817,1040,1000
1473,2552,1771431600,736,735,70,46
1474,2570,1771431600,1894,1756,1,12
1475,2581,1771431600,1372290,1324716,1,1
1476,2912,1771431600,1277,1277,2,1
1477,2970,1771431600,373,351,510,6
1478,3000,1771431600,8314,8306,360,212
1479,3004,1771431600,8800,8790,99,754
1480,3024,1771431600,10708,10598,1371,21
1481,3049,1771431600,2770,2727,852,264
1482,3051,1771431600,8169,8069,125,387
1483,3053,1771431600,9359,9351,19,5
1484,3054,1771431600,26018,25932,1,4
1485,3101,1771431600,6599,6561,70,1
1486,3122,1771431600,33619,32707,2,4
1487,3140,1771431600,339395,324766,3,1
1488,3142,1771431600,387,380,2153,3077
1489,3144,1771431600,524,504,3548,1382
1490,3216,1771431600,858,850,4,6
1491,3832,1771431600,6848,6078,2,3
1492,3833,1771431600,8322,6828,1,1
1493,3834,1771431600,7956,5750,1,1
1494,3853,1771431600,729,720,37,100
1495,4087,1771431600,161000,160364,5,60
1496,4091,1771431600,71141,71118,3,32
1497,4093,1771431600,47945,47206,10,8
1498,4099,1771431600,87158,86666,2,1
1499,4103,1771431600,48799,47110,2,1
1500,4131,1771431600,6974,6815,9,1
1501,4151,1771431600,1288191,1284027,2,14
1502,4153,1771431600,204618,200863,29,3
1503,4166,1771431600,2000,1120,1,1
1504,4207,1771431600,407015,399067,4,5
1505,4405,1771431600,97,72,1,2
1506,4548,1771431600,2726,2063,2,2
1507,4585,1771431600,161146,160250,1,51
1508,4587,1771431600,59825,59250,1,13
1509,4675,1771431600,60973,59095,3,4
1510,4697,1771431600,89,88,34000,1414
1511,4699,1771431600,26,25,56736,486362
1512,4708,1771431600,380773,362840,4,1
1513,4710,1771431600,219532,208900,1,1
1514,4712,1771431600,2217970,2161428,4,2
1515,4714,1771431600,1733026,1710145,1,2
1516,4736,1771431600,1365145,1350009,3,2
1517,4738,1771431600,572679,552110,1,1
1518,4749,1771431600,337000,324055,2,2
1519,4751,1771431600,327800,304947,2,2
1520,4759,1771431600,314248,297614,8,2
1521,4819,1771431600,4,3,416,1949
1522,4822,1771431600,82,83,11561,50
1523,4823,1771431600,137,135,641,370
1524,4824,1771431600,832,817,880,627
1525,5098,1771431600,5,5,24,11
1526,5100,1771431600,40,25,601,143
1527,5101,1771431600,5,5,12,6
1528,5282,1771431600,120,120,1,101
1529,5288,1771431600,1438,1438,5,43
1530,5290,1771431600,259,226,4,4
1531,5295,1771431600,24611,23867,607,137
1532,5296,1771431600,637,637,60,138
1533,5298,1771431600,750,604,100,11
1534,5300,1771431600,50875,50398,78,125
1535,5301,1771431600,3992,3915,32,65
1536,5302,1771431600,183,167,22,12
1537,5303,1771431600,1162,1185,15,31
1538,5304,1771431600,13837,13936,52,90
1539,5315,1771431600,31221,30878,194,66
1540,5316,1771431600,98899,99211,11,76
1541,5319,1771431600,7,5,10,26
1542,5320,1771431600,5,6,490,136
1543,5321,1771431600,48,51,319,254
1544,5323,1771431600,18,18,1,23
1545,5354,1771431600,3,2,1,49
1546,5373,1771431600,33693,33373,254,5
1547,5396,1771431600,1000,961,214,1
1548,5406,1771431600,293,283,8,28
1549,5416,1771431600,748,585,60,501
1550,5501,1771431600,4990,3180,16,40
1551,5502,1771431600,24099,24071,61,10
1552,5525,1771431600,80,73,1,1
1553,5537,1771431600,4,3,1,1
1554,5698,1771431600,18917,18154,16,12
1555,5970,1771431600,62,59,200,59
1556,5972,1771431600,1695,1629,2224,180
1557,5974,1771431600,1891,1832,699,1894
1558,6016,1771431600,2206,2205,1996,1369
1559,6020,1771431600,54,46,180,16
1560,6034,1771431600,40,20,619,3924
1561,6055,1771431600,252,252,19,85
1562,6289,1771431600,19,19,70,35
1563,6328,1771431600,538,420,45,4
1564,6332,1771431600,238,229,15126,14001
1565,6333,1771431600,126,119,571,986
1566,6523,1771431600,408302,395745,1,1
1567,6528,1771431600,260000,256276,2,1
1568,6568,1771431600,585154,564979,1,4
1569,6585,1771431600,2336630,2280183,10,6
1570,6667,1771431600,50,50,2,1
1571,6685,1771431600,8147,8011,2019,360
1572,6693,1771431600,5155,5085,2182,919
1573,6731,1771431600,1061809,1028496,2,2
1574,6733,1771431600,3071424,3027482,4,4
1575,6737,1771431600,3110720,3044114,2,5
1576,6739,1771431600,90879,88068,8,1
1577,6750,1771431600,250,35,1,1
1578,6752,1771431600,1937,20,1,1
1579,6889,1771431600,3361952,3255153,2,1
1580,7060,1771431600,1794,1754,15,120
1581,7178,1771431600,103,99,2,60
1582,7208,1771431600,608,555,8,4
1583,7218,1771431600,830,807,408,351
1584,7330,1771431600,55,55,4,25
1585,7342,1771431600,34700,34700,1,1
1586,7946,1771431600,290,282,640,142
1587,8007,1771431600,642,638,1428,300
1588,8008,1771431600,720,701,213,21
1589,8010,1771431600,575,572,337,11
1590,8011,1771431600,833,823,41,398
1591,8013,1771431600,696,694,3642,3575
1592,8778,1771431600,502,497,1810,2468
1593,8780,1771431600,880,865,609,1641
1594,8782,1771431600,2044,2031,68,1792
1595,8788,1771431600,998997,998997,9,2
1596,8790,1771431600,462,449,84,18
1597,8792,1771431600,907,904,13,12
1598,8882,1771431600,6,5,182,99
1599,9026,1771431600,2188,1903,1,1
1600,9075,1771431600,75,74,51200,236
1601,9140,1771431600,16,15,1341,353
1602,9143,1771431600,195,195,1872,2
1603,9144,1771431600,146,140,1505,245
1604,9185,1771431600,9541,9135,6,16
1605,9187,1771431600,7,8,14,984
1606,9243,1771431600,184,182,1300,4824
1607,9244,1771431600,432,427,14460,36509
1608,9245,1771431600,8474,8428,500,224
1609,9381,1771431600,189,187,10375,3199
1610,9431,1771431600,9307,9307,1,2
1611,9674,1771431600,6594,6273,1,6
1612,9739,1771431600,309,296,1,96
1613,10033,1771431600,699,680,9000,841
1614,10034,1771431600,1067,1040,7390,982
1615,10136,1771431600,100,100,40,10
1616,10380,1771431600,174786,169165,3,1
1617,10388,1771431600,220512,211537,2,1
1618,10564,1771431600,72359,67440,1,1
1619,10828,1771431600,50727,49543,26,6
1620,10925,1771431600,18982,18316,23,12
1621,11037,1771431600,311993,310663,2,3
1622,11118,1771431600,12500,12002,12,1
1623,11126,1771431600,12032,12002,2,11
1624,11133,1771431600,2331115,2300000,4,2
1625,11200,1771431600,36734,35000,2,2
1626,11212,1771431600,2469,2425,5068,5000
1627,11230,1771431600,1350,1327,23705,10274
1628,11235,1771431600,1000000,985738,4,1
1629,11242,1771431600,2051,2040,400,2477
1630,11250,1771431600,4145,4145,30,30
1631,11260,1771431600,613,607,12994,251
1632,11284,1771431600,3840563,3795633,4,4
1633,11335,1771431600,56827981,56827981,1,1
1634,11802,1771431600,8813299,8614234,2,1
1635,11804,1771431600,20561238,20195527,4,3
1636,11832,1771431600,27367299,27294600,1,9
1637,11834,1771431600,18310521,18061251,3,8
1638,11840,1771431600,326897,323946,13,8
1639,11926,1771431600,3936282,3869538,3,2
1640,11936,1771431600,1477,1459,564,43
1641,11940,1771431600,5,5,6020,280
1642,11959,1771431600,2765,2714,4262,1
1643,11968,1771431600,12361,12343,57,35
1644,11972,1771431600,12545,12545,13,2
1645,11978,1771431600,11195,11043,243,450
1646,11980,1771431600,13471,13137,432,414
1647,12000,1771431600,2626262,2527976,1,3
1648,12002,1771431600,681127,663050,8,6
1649,12004,1771431600,357931,345956,1,12
1650,12269,1771431600,1575,1575,1,1
1651,12297,1771431600,4999,4823,1,5
1652,12402,1771431600,32125,31000,6,19
1653,12403,1771431600,9198,8279,14,13
1654,12405,1771431600,2216,2002,4,23
1655,12406,1771431600,16766,16362,17,37
1656,12408,1771431600,3997,3731,6,8
1657,12409,1771431600,6373,5716,16,14
1658,12410,1771431600,2130,2014,10,16
1659,12411,1771431600,1743,1465,150,18
1660,12500,1771431600,98100,95000,1,1
1661,12617,1771431600,7200,3874,1,3
1662,12625,1771431600,5361,5198,402,260
1663,12629,1771431600,2743,2682,1,1
1664,12642,1771431600,6300,6175,6,28
1665,12695,1771431600,15373,15100,264,277
1666,12697,1771431600,11793,11643,19,6
1667,12699,1771431600,7884,7783,151,31
1668,12863,1771431600,779500,770373,4,3
1669,12873,1771431600,754859,741835,2,2
1670,12900,1771431600,3692435,3610910,2,4
1671,12913,1771431600,9766,9529,291,6
1672,12924,1771431600,10730510,10555000,4,2
1673,12929,1771431600,3700000,3687256,2,4
1674,12934,1771431600,182,180,17674,13449
1675,12938,1771431600,13808,13460,64,16
1676,13190,1771431600,13808290,13597500,52,8
1677,13235,1771431600,5559465,5426891,2,4
1678,13237,1771431600,25381368,24900000,2,2
1679,13239,1771431600,22325362,21947842,3,5
1680,13249,1771431600,29540,29440,18,8
1681,13385,1771431600,6990,6250,1,5
1682,13387,1771431600,9300,8883,2,1
1683,13441,1771431600,2004,1996,1850,1042
1684,13481,1771431600,1128,1128,10,11
1685,13508,1771431600,1700,1700,5,6
1686,13511,1771431600,3500,3507,6366,3420
1687,13573,1771431600,604,603,1166,2723
1688,13576,1771431600,14314559,14083449,6,4
1689,13652,1771431600,46822377,46200000,2,1
1690,19484,1771431600,799,781,315,500
1691,19544,1771431600,21874303,21201640,6,1
1692,19547,1771431600,21824272,21464662,5,3
1693,19553,1771431600,21819326,21300233,1,2
1694,19580,1771431600,452,453,757,1316
1695,19584,1771431600,1,2,2070,7045
1696,19619,1771431600,2070,2070,332,2
1697,19623,1771431600,2492,2201,13,1810
1698,19629,1771431600,2972,2956,25,1
1699,19669,1771431600,963,954,3120,236
1700,19936,1771431600,437000,412726,1,4
1701,20065,1771431600,3933449,3804956,1,2
1702,20223,1771431600,12079,11303,1,7
1703,20727,1771431600,68970,67389,2,3
1704,21009,1771431600,294381,291013,1,4
1705,21012,1771431600,47759993,47144353,1,2
1706,21015,1771431600,14100000,14000000,1,1
1707,21146,1771431600,1040,1028,28,2
1708,21166,1771431600,4115,4079,73,20
1709,21177,1771431600,953,940,26,28
1710,21183,1771431600,4168,4120,62,20
1711,21301,1771431600,895983,893871,1,4
1712,21304,1771431600,712422,697800,2,4
1713,21326,1771431600,181,179,5777,31
1714,21352,1771431600,670,663,805,260
1715,21486,1771431600,69,68,13,2
1716,21504,1771431600,230,228,11000,164
1717,21802,1771431600,808,807,320,1011
1718,21817,1771431600,43017,42676,47,696
1719,21820,1771431600,177,174,81577,19682
1720,21880,1771431600,301,293,14092,247
1721,21902,1771431600,785251,765705,3,4
1722,21905,1771431600,2967,2965,220,170
1723,21932,1771431600,3202,3108,1600,136
1724,21944,1771431600,3288,3261,2430,1702
1725,21946,1771431600,3120,3118,230,1778
1726,22124,1771431600,26000,25922,2,868
1727,22198,1771431600,1400,1368,30,4
1728,22246,1771431600,4513038,4500000,2,2
1729,22446,1771431600,11805,11500,200,108
1730,22557,1771431600,725942,698077,1,5
1731,22599,1771431600,1610,1500,42,44
1732,22603,1771431600,699,655,1000,4
1733,22783,1771431600,3300,3202,58,150
1734,22804,1771431600,9801,9515,100,155
1735,22859,1771431600,30726,31017,28,40
1736,22869,1771431600,20168,20103,7,6
1737,22879,1771431600,6060,5697,564,134
1738,22929,1771431600,1175,1068,10,3
1739,22951,1771431600,421244,402928,3,3
1740,22975,1771431600,3403899,3377721,1,5
1741,22988,1771431600,104458,104458,1,1
1742,22994,1771431600,744276,726274,1,1
1743,23221,1771431600,39343,39343,1,1
1744,23389,1771431600,510129,495454,8,10
1745,23490,1771431600,138636,134518,2,3
1746,23499,1771431600,35950,35950,82,90
1747,23685,1771431600,20296,20249,201,135
1748,23709,1771431600,6482,6447,1,259
1749,23733,1771431600,6095,5892,34,84
1750,23739,1771431600,3789,3345,10,2
1751,24229,1771431600,1240023,1203568,25,21
1752,24251,1771431600,17693,17347,38,48
1753,24268,1771431600,18415104,18280659,3,2
1754,24589,1771431600,179,173,461,2275
1755,24592,1771431600,115,112,146,134
1756,24595,1771431600,80,80,10,301
1757,24598,1771431600,2100,1988,419,501
1758,24607,1771431600,285,278,4446,2968
1759,24613,1771431600,63,63,596,3586
1760,24621,1771431600,88,87,1014,3003
1761,24635,1771431600,25867,25867,104,1
1762,24777,1771431600,6898999,6737658,1,1
1763,25578,1771431600,2840,2804,300,22
1764,25769,1771431600,154,150,6000,19
1765,25849,1771431600,240,234,4000,39483
1766,25862,1771431600,157601201,153653333,1,3
1767,26219,1771431600,23931860,23874888,3,7
1768,26243,1771431600,53500000,53068054,2,1
1769,26384,1771431600,213789789,208657878,1,1
1770,26386,1771431600,154534523,150927313,1,1
1771,26390,1771431600,109838,105707,3,8
1772,26479,1771431600,783630,736153,1,1
1773,26945,1771431600,3219422,3184627,1,3
1774,27238,1771431600,90520379,89759425,3,3
1775,27241,1771431600,62925988,62689519,5,3
1776,27272,1771431600,1756,1756,71,17
1777,27616,1771431600,19,20,65930,224283
1778,27629,1771431600,6110,6059,2,8
1779,27635,1771431600,3721,3721,11,25
1780,27641,1771431600,115225000,112573536,1,2
1781,27657,1771431600,6512970,6387243,3,2
1782,27690,1771431600,39862941,39061113,4,2
1783,28334,1771431600,419712,413401,2,2
1784,28810,1771431600,965888,936514,4,2
1785,28824,1771431600,849,817,83,3
1786,28869,1771431600,6593,6569,2,1
1787,28872,1771431600,174,158,1000,1764
1788,28924,1771431600,241,236,6442,29538
1789,28991,1771431600,180,176,7185,215
1790,28997,1771431600,6895107,6900000,1,1
1791,29000,1771431600,2209793,2153810,4,9
1792,29010,1771431600,824519,811989,3,1
1793,29013,1771431600,1866535,1809258,2,1
1794,29022,1771431600,5052745,4917281,7,4
1795,29025,1771431600,10540000,10368415,1,2
1796,29028,1771431600,882422,851891,4,3
1797,29084,1771431600,95487,92746,1,1
1798,29253,1771431600,30397,28164,1,2
1799,29280,1771431600,16238,16053,13,2
1800,29286,1771431600,15250,14050,1,1
1801,29289,1771431600,14935,14000,3,1
1802,29307,1771431600,7100,6341,50,10
1803,29577,1771431600,6913038,6747132,4,1
1804,29684,1771431600,11480,11286,10,6
1805,29782,1771431600,24958,23951,8,9
1806,29784,1771431600,2100,2090,1000,2670
1807,29796,1771431600,53120854,52777404,2,1
1808,29806,1771431600,3147606,3146516,1,8
1809,29824,1771431600,18219,17812,45,661
1810,29889,1771431600,85894,82978,3,3
1811,30082,1771431600,668747,638423,1,1
1812,30088,1771431600,39798,39391,21,5
1813,30125,1771431600,58708,58018,120,78
1814,30634,1771431600,6380157,6223586,4,1
1815,30800,1771431600,244,225,210,99
1816,30843,1771431600,793,771,21290,123
1817,31099,1771431600,120564,116142,74,18
1818,31111,1771431600,409,401,16086,28006
1819,31248,1771431600,596054,577003,2,1
1820,31435,1771431600,4348,4348,30,8
1821,31472,1771431600,488,467,210,115
1822,31543,1771431600,1898,1767,2,16
1823,31545,1771431600,3042,2767,2,39
1824,31638,1771431600,11600,11500,559,8
1825,31647,1771431600,3229,3190,20,3
1826,31912,1771431600,564,544,10012,2016
1827,31967,1771431600,172,166,194,10
1828,31989,1771431600,18864,17544,9,1
1829,32005,1771431600,3200,3166,30,255
1830,32307,1771431600,817,799,4000,666
1831,32336,1771431600,3385,3042,200,313
1832,32889,1771431600,1374,1296,186,146
1833,32892,1771431600,2500,2500,63,14
1834,32904,1771431600,723,707,1561,1730
1835,32910,1771431600,933,880,2,28
1836,33074,1771431600,34752,33878,1,13
1837,2,1771431900,274,268,71388,21018
1838,39,1771431900,6,4,2500,50
1839,48,1771431900,5,5,6,54
1840,52,1771431900,2,2,6006,4722
1841,53,1771431900,9,6,38674,10975
1842,58,1771431900,64,67,555,518
1843,66,1771431900,258,250,2631,10
1844,95,1771431900,224,224,5,5
1845,99,1771431900,6200,6021,914,1742
1846,101,1771431900,2594,2570,1029,30
1847,109,1771431900,2549,2500,7015,126
1848,121,1771431900,6,6,101,238
1849,139,1771431900,6203,6180,1,304
1850,169,1771431900,1830,1769,1997,8
1851,173,1771431900,697,697,1,11
1852,199,1771431900,300,290,15,64
1853,205,1771431900,485,469,1352,562
1854,209,1771431900,2151,2223,55,149
1855,211,1771431900,2349,2338,1000,417
1856,215,1771431900,2980,2933,1,4959
1857,221,1771431900,4,3,10,1
1858,223,1771431900,192,191,1257,1444
1859,225,1771431900,288,278,638,1642
1860,227,1771431900,5,5,17,13106
1861,229,1771431900,2,2,8177,15
1862,231,1771431900,547,542,5915,46
1863,233,1771431900,450,223,4,1
1864,249,1771431900,280,275,4,626
1865,251,1771431900,215,196,142,5
1866,255,1771431900,521,516,1857,545
1867,257,1771431900,5628,5624,696,192
1868,259,1771431900,2200,2163,2,89
1869,261,1771431900,2450,2419,800,3
1870,263,1771431900,2922,2908,301,35
1871,269,1771431900,3820,3800,1,22
1872,305,1771431900,490,50,1,1
1873,309,1771431900,325,226,4,2
1874,313,1771431900,4,3,11091,2181
1875,314,1771431900,2,2,74469,40734
1876,329,1771431900,61,60,36,56
1877,333,1771431900,36,35,1229,296
1878,335,1771431900,68,67,196,273
1879,351,1771431900,185,179,194,279
1880,361,1771431900,92,90,307,337
1881,363,1771431900,16,16,90,1317
1882,371,1771431900,195,195,296,1825
1883,373,1771431900,205,200,1001,814
1884,377,1771431900,156,156,353,1106
1885,379,1771431900,151,148,2135,907
1886,383,1771431900,589,581,1000,5735
1887,385,1771431900,849,841,2053,934
1888,389,1771431900,1399,1386,1343,540
1889,391,1771431900,1724,1690,1250,723
1890,395,1771431900,803,740,1000,471
1891,397,1771431900,1114,1110,300,2
1892,434,1771431900,89,88,84,26
1893,436,1771431900,13,12,31,34
1894,440,1771431900,87,84,1,2681
1895,444,1771431900,127,128,1223,14262
1896,447,1771431900,126,126,5704,12675
1897,449,1771431900,593,586,308,12416
1898,451,1771431900,10126,10133,109,4947
1899,453,1771431900,175,174,11179,44784
1900,532,1771431900,314,310,432,375
1901,536,1771431900,2177,2150,8012,1409
1902,554,1771431900,4,5,128100,110062
1903,555,1771431900,5,4,27175,26329
1904,556,1771431900,6,5,49864,132452
1905,557,1771431900,5,4,174200,16817
1906,558,1771431900,3,3,45333,107526
1907,560,1771431900,170,165,25358,56292
1908,561,1771431900,99,98,32548,106194
1909,562,1771431900,83,79,116232,142492
1910,563,1771431900,121,118,26216,42131
1911,564,1771431900,96,95,17063,1456
1912,565,1771431900,242,241,39034,34076
1913,566,1771431900,392,385,47426,24780
1914,567,1771431900,55,53,4,358
1915,571,1771431900,794,797,1905,1179
1916,573,1771431900,1200,1191,4146,12407
1917,577,1771431900,1446,1332,1,1
1918,579,1771431900,461,379,21,1
1919,581,1771431900,771,700,1,3
1920,590,1771431900,86,81,2,5
1921,592,1771431900,54,53,5,51
1922,805,1771431900,196,190,130,9
1923,809,1771431900,11,11,4239,1762
1924,810,1771431900,44,40,32895,44703
1925,823,1771431900,212,206,4326,70520
1926,824,1771431900,1204,1204,183,1319
1927,830,1771431900,147,141,2573,43
1928,845,1771431900,64,56,271,185
1929,849,1771431900,105,105,14,7
1930,853,1771431900,203,198,282,10
1931,855,1771431900,496,492,8531,467
1932,857,1771431900,407,404,25,2
1933,859,1771431900,1212,1200,2435,6
1934,861,1771431900,840,832,3,65
1935,869,1771431900,30,26,2,535
1936,882,1771431900,5,4,1816,6569
1937,884,1771431900,9,9,15427,5000
1938,886,1771431900,14,12,1102,27
1939,888,1771431900,14,14,2393,3386
1940,890,1771431900,55,54,7657,3
1941,892,1771431900,83,82,18823,16256
1942,946,1771431900,250,118,3,11
1943,952,1771431900,107,105,7,3
1944,954,1771431900,60,52,217,29
1945,960,1771431900,147,143,1258,1389
1946,1013,1771431900,512,500,2,1
1947,1061,1771431900,75,65,9,20
1948,1065,1771431900,1506,1419,2,1
1949,1073,1771431900,7386,3854,2,6
1950,1077,1771431900,1247,1203,5,1
1951,1079,1771431900,37829,38011,160,314
1952,1081,1771431900,410,51,1,1
1953,1093,1771431900,38215,38177,2,14
1954,1097,1771431900,285,280,1,9
1955,1111,1771431900,2900,2853,8,10
1956,1113,1771431900,29723,29707,5,37
1957,1119,1771431900,1041,1036,2,2
1958,1121,1771431900,2854,2850,800,2012
1959,1125,1771431900,3521,3542,2,4
1960,1127,1771431900,38424,38248,52,202
1961,1129,1771431900,23,11,2,54
1962,1135,1771431900,4466,4450,2038,1
1963,1149,1771431900,58855,58805,12,33
1964,1153,1771431900,148,130,1,2
1965,1155,1771431900,65,20,1,4
1966,1157,1771431900,172,171,1,3
1967,1159,1771431900,850,750,1,1
1968,1161,1771431900,4886,1965,3,4
1969,1163,1771431900,20835,20910,21,157
1970,1165,1771431900,552,546,4,2
1971,1169,1771431900,50,26,11,1
1972,1195,1771431900,3000,1542,1,4
1973,1199,1771431900,5387,3271,125,5
1974,1201,1771431900,32369,32376,17,274
1975,1213,1771431900,4554,4472,10,22
1976,1215,1771431900,17310,17304,38,79
1977,1217,1771431900,722,690,2,2
1978,1249,1771431900,38425,36734,2,1
1979,1265,1771431900,85,81,41,1
1980,1267,1771431900,205,139,8,1
1981,1269,1771431900,923,834,3,4
1982,1271,1771431900,1782,2133,2,8
1983,1275,1771431900,19290,18912,2,399
1984,1289,1771431900,12260,12260,1,32
1985,1297,1771431900,444,441,1,2
1986,1303,1771431900,18832,18810,53,195
1987,1305,1771431900,59198,59061,3,112
1988,1317,1771431900,3695,3648,1,8
1989,1319,1771431900,38125,38073,45,72
1990,1327,1771431900,3500,3172,3,1
1991,1329,1771431900,550,500,2,3
1992,1331,1771431900,1600,1500,127,11
1993,1333,1771431900,15300,15248,7,16
1994,1345,1771431900,3435,2834,126,153
1995,1347,1771431900,24684,23785,95,179
1996,1349,1771431900,102,102,1,1
1997,1351,1771431900,286,138,10,2
1998,1355,1771431900,244,225,6,1
1999,1357,1771431900,2200,1893,19,8
2000,1359,1771431900,7770,7325,24,58
2001,1361,1771431900,1900,1733,3,4
2002,1367,1771431900,632,632,1,3
2003,1373,1771431900,24753,24523,4,45
2004,1377,1771431900,119436,119000,2,18
2005,1381,1771431900,1868,1825,1,2
2006,1383,1771431900,1611,1583,1,3
2007,1385,1771431900,747,747,1,1
2008,1387,1771431900,1358,1301,12,13
2009,1391,1771431900,8044,7972,3184,1604
2010,1393,1771431900,8855,8836,1,42
2011,1397,1771431900,8849,8798,203,3273
2012,1399,1771431900,8806,8715,399,1805
2013,1401,1771431900,25874,25002,2,10
2014,1405,1771431900,25222,25135,2,75
2015,1407,1771431900,24831,24780,1,35
2016,1434,1771431900,29331,29001,1,16
2017,1438,1771431900,189,173,2,4
2018,1472,1771431900,2312,2207,2,1
2019,1474,1771431900,2599,2458,3,4
2020,1476,1771431900,2643,2643,2,1
2021,1511,1771431900,28,26,2929,64
2022,1513,1771431900,997,981,9214,6939
2023,1515,1771431900,130,128,20983,4717
2024,1517,1771431900,17,16,302,56
2025,1519,1771431900,23,23,1495,7
2026,1521,1771431900,26,25,992,423
2027,1573,1771431900,84,86,3,3
2028,1592,1771431900,500,255,1,2
2029,1601,1771431900,1753,1741,2778,2908
2030,1603,1771431900,924,909,538,3864
2031,1605,1771431900,525,519,327,1717
2032,1607,1771431900,306,304,97,872
2033,1609,1771431900,243,240,178,1
2034,1611,1771431900,301,288,1,176
2035,1613,1771431900,3999,3769,3,1
2036,1617,1771431900,2876,2812,2791,3059
2037,1619,1771431900,1222,1220,216,3636
2038,1623,1771431900,322,315,1100,1692
2039,1629,1771431900,3076,3076,18,38
2040,1631,1771431900,16438,16025,300,333
2041,1635,1771431900,142,138,290,49
2042,1637,1771431900,504,504,273,830
2043,1643,1771431900,1988,1985,1,1
2044,1645,1771431900,11863,11739,13,285
2045,1654,1771431900,164,160,5405,6836
2046,1656,1771431900,524,518,85,3000
2047,1660,1771431900,1199,1182,306,5
2048,1662,1771431900,2091,2060,172,1234
2049,1704,1771431900,12228,12211,1,197
2050,1712,1771431900,12965,12348,32,8
2051,1725,1771431900,1344,1175,8,23
2052,1727,1771431900,530,525,1,3
2053,1731,1771431900,2218,2085,43,3
2054,1734,1771431900,8,7,12,12
2055,1739,1771431900,188,187,43,31
2056,1741,1771431900,228,226,185,32
2057,1743,1771431900,218,217,3,84
2058,1747,1771431900,3600,3592,62,1358
2059,1749,1771431900,2420,2408,1,741
2060,1751,1771431900,1800,1800,87,560
2061,1753,1771431900,1696,1696,86,5076
2062,1755,1771431900,94,91,1,1
2063,1759,1771431900,56,58,221,747
2064,1761,1771431900,154,150,17,12600
2065,1763,1771431900,529,516,6,2
2066,1765,1771431900,395,395,7,1
2067,1767,1771431900,788,585,4,4
2068,1775,1771431900,85,81,480,100
2069,1777,1771431900,85,85,38866,15
2070,1779,1771431900,3,2,2005,8000
2071,1783,1771431900,13,13,587,84
2072,1823,1771431900,104,104,5,2
2073,1891,1771431900,261,257,4,1
2074,1917,1771431900,100,97,24,1
2075,1919,1771431900,22,20,3,1
2076,1923,1771431900,17,17,199,20
2077,1925,1771431900,8,7,7,493
2078,1927,1771431900,55,54,37,2
2079,1933,1771431900,144,138,8,6096
2080,1937,1771431900,16,16,998,135
2081,1942,1771431900,21,18,4,28
2082,1947,1771431900,7,7,5,17
2083,1951,1771431900,96,89,1010,3
2084,1957,1771431900,15,13,4192,2176
2085,1963,1771431900,47,46,14,26
2086,1965,1771431900,24,23,7,2942
2087,1971,1771431900,50,49,2,1
2088,1975,1771431900,55,55,578,575
2089,1978,1771431900,82,81,2,1
2090,1982,1771431900,23,20,1,26
2091,1987,1771431900,95,94,1100,11036
2092,1989,1771431900,10493,10001,6,26
2093,1993,1771431900,4,5,641,9901
2094,2003,1771431900,71,58,55,10
2095,2114,1771431900,190,177,4023,31
2096,2132,1771431900,33,30,165,10
2097,2134,1771431900,38,32,1,2
2098,2138,1771431900,23,23,1,1
2099,2140,1771431900,97,91,500,52
2100,2309,1771431900,180,179,17,4
2101,2349,1771431900,73,73,626,328
2102,2351,1771431900,184,177,1220,2106
2103,2353,1771431900,635,625,14273,1323
2104,2355,1771431900,106,104,217,65
2105,2357,1771431900,102,101,3335,16368
2106,2359,1771431900,1000,1000,2674,1436
2107,2361,1771431900,2127,2114,6612,1151
2108,2363,1771431900,12408,12400,223,1937
2109,2434,1771431900,8432,8382,4162,115
2110,2436,1771431900,3170,3165,144,11
2111,2440,1771431900,3928,3925,141,2222
2112,2442,1771431900,3650,3628,2,3863
2113,2444,1771431900,2573,2540,1003,789
2114,2448,1771431900,2190,2143,12,2
2115,2452,1771431900,1566,1500,24,3
2116,2481,1771431900,2044,2011,356,2
2117,2487,1771431900,1742,1609,3,2
2118,2491,1771431900,2212,2269,2,6
2119,2497,1771431900,3397,3377,43,4
2120,2499,1771431900,5160,5140,127,1
2121,2503,1771431900,7240,7236,284,25
2122,2550,1771431900,847,817,193,977
2123,2552,1771431900,736,735,400,93
2124,2570,1771431900,1894,1756,3,2
2125,2572,1771431900,12319,12300,2,258
2126,2859,1771431900,534,470,4,2
2127,2970,1771431900,375,351,5354,27
2128,3004,1771431900,8848,8790,1001,1172
2129,3016,1771431900,3202,3116,3397,1
2130,3024,1771431900,10700,10491,3713,105
2131,3032,1771431900,700,615,3,37
2132,3034,1771431900,700,383,10,2
2133,3040,1771431900,204,200,35,1
2134,3042,1771431900,140,134,10,1
2135,3049,1771431900,2727,2869,278,1
2136,3051,1771431900,8174,8069,585,92
2137,3053,1771431900,9359,9348,9,8
2138,3142,1771431900,389,380,1011,736
2139,3144,1771431900,523,505,11872,4000
2140,3202,1771431900,38553,37686,2,4
2141,3204,1771431900,149400,148895,2,1
2142,3385,1771431900,13025,11991,2,6
2143,3404,1771431900,5420,5255,1,52
2144,3414,1771431900,84,84,1,2
2145,3420,1771431900,270,264,38,4
2146,3678,1771431900,5645,5445,1,1
2147,3751,1771431900,38551,38011,1,1
2148,3827,1771431900,3208,1570,2,1
2149,3833,1771431900,6503,6242,4,1
2150,3853,1771431900,729,720,17,38
2151,4087,1771431900,161000,160250,1,68
2152,4091,1771431900,71141,71117,2,8
2153,4103,1771431900,48799,47110,2,5
2154,4131,1771431900,6904,6800,4,1
2155,4151,1771431900,1305824,1280003,4,11
2156,4153,1771431900,201294,200028,1,2
2157,4300,1771431900,315,300,2,3
2158,4304,1771431900,1398,1001,2,1
2159,4310,1771431900,3629,3500,2,2
2160,4417,1771431900,2857,2715,129,225
2161,4587,1771431900,59825,59250,3,18
2162,4675,1771431900,61191,59095,1,1
2163,4696,1771431900,9,8,3001,2000
2164,4697,1771431900,89,88,9913,15109
2165,4698,1771431900,98,96,18104,16104
2166,4712,1771431900,2217127,2162078,2,1
2167,4714,1771431900,1740013,1689629,2,3
2168,4716,1771431900,327995,324749,1,5
2169,4720,1771431900,956000,950000,1,6
2170,4722,1771431900,893998,863000,1,5
2171,4732,1771431900,65108,65108,4,1
2172,4736,1771431900,1365145,1350009,3,4
2173,4738,1771431900,572379,552110,2,2
2174,4740,1771431900,111,95,110,7109
2175,4747,1771431900,100500,99055,1,1
2176,4749,1771431900,335773,324055,3,1
2177,4759,1771431900,315112,300179,2,1
2178,4798,1771431900,310,277,300,1714
2179,4819,1771431900,4,3,558,462
2180,4820,1771431900,7,3,1105,1828
2181,4822,1771431900,85,80,1501,3419
2182,4823,1771431900,137,135,1168,929
2183,4824,1771431900,832,832,2739,82
2184,4827,1771431900,2274,865,1,1
2185,5075,1771431900,5003,5003,5,817
2186,5100,1771431900,40,20,1,43
2187,5280,1771431900,29,22,100,12
2188,5288,1771431900,1438,1438,10,106
2189,5289,1771431900,22508,21844,7,210
2190,5293,1771431900,29,14,100,4
2191,5295,1771431900,24294,23901,173,119
2192,5296,1771431900,637,637,12,17
2193,5297,1771431900,111,100,7,1
2194,5298,1771431900,653,621,1,229
2195,5300,1771431900,50767,50256,41,121
2196,5301,1771431900,3995,3861,91,47
2197,5302,1771431900,167,165,2,295
2198,5303,1771431900,1103,1048,16,130
2199,5304,1771431900,14614,13674,2,133
2200,5305,1771431900,8,7,2000,1054
2201,5311,1771431900,59,32,2000,18
2202,5312,1771431900,82,81,14,9
2203,5313,1771431900,159,150,44,81
2204,5315,1771431900,31100,30901,49,114
2205,5316,1771431900,98899,98798,3,114
2206,5319,1771431900,7,5,1000,91
2207,5321,1771431900,41,40,35,83
2208,5371,1771431900,599,500,3,24
2209,5372,1771431900,6331,6250,57,1
2210,5373,1771431900,33565,33319,46,137
2211,5374,1771431900,110000,104642,6,109
2212,5386,1771431900,436,389,8,11
2213,5416,1771431900,749,583,100,90
2214,5418,1771431900,1,1,1,1
2215,5501,1771431900,4990,3627,54,36
2216,5502,1771431900,24099,24032,79,42
2217,5504,1771431900,106,106,78,625
2218,5525,1771431900,78,73,2,106
2219,5698,1771431900,18917,18001,8,8
2220,5952,1771431900,4890,4763,616,802
2221,5968,1771431900,450,278,100,1
2222,5970,1771431900,59,59,6,100
2223,5972,1771431900,1699,1649,299,206
2224,5974,1771431900,1896,1838,1018,3396
2225,5998,1771431900,669,643,600,3865
2226,6016,1771431900,2206,2204,416,607
2227,6034,1771431900,25,24,2923,1
2228,6289,1771431900,19,19,105,280
2229,6328,1771431900,538,420,6,6
2230,6332,1771431900,240,228,18378,3819
2231,6333,1771431900,125,121,1391,1538
2232,6585,1771431900,2328515,2282240,8,5
2233,6617,1771431900,5970,5104,1,1
2234,6685,1771431900,8234,8067,1024,205
2235,6693,1771431900,5155,5080,11,357
2236,6731,1771431900,1056179,1028956,2,4
2237,6733,1771431900,3081937,3000845,1,1
2238,6737,1771431900,3092617,3035093,6,3
2239,6812,1771431900,2113,2051,38,2841
2240,6914,1771431900,2046350,2003838,1,1
2241,7060,1771431900,1843,1794,115,506
2242,7158,1771431900,132205,132205,1,1
2243,7218,1771431900,829,816,226,9
2244,7396,1771431900,43792,41992,1,1
2245,7416,1771431900,6700,6256,50,169
2246,7418,1771431900,5800,5648,150,354
2247,7944,1771431900,253,237,1000,1816
2248,7946,1771431900,290,282,200,6410
2249,8007,1771431900,642,632,1917,423
2250,8008,1771431900,720,701,66,1
2251,8010,1771431900,575,572,532,75
2252,8011,1771431900,833,823,1644,20
2253,8013,1771431900,696,694,3583,312
2254,8778,1771431900,502,493,2438,2762
2255,8780,1771431900,880,865,7878,1092
2256,8782,1771431900,2025,2010,6125,1307
2257,8788,1771431900,998997,981005,5,2
2258,8792,1771431900,905,904,9,140
2259,8921,1771431900,817829,811395,2,1
2260,9075,1771431900,75,74,36002,16410
2261,9144,1771431900,143,143,3752,11882
2262,9183,1771431900,914,800,3,1
2263,9185,1771431900,9341,9135,4,4
2264,9192,1771431900,170,168,12284,389
2265,9193,1771431900,627,624,49,4782
2266,9194,1771431900,8285,8285,54,945
2267,9242,1771431900,162,160,1000,3831
2268,9243,1771431900,189,182,4848,2001
2269,9244,1771431900,425,424,3400,687
2270,9245,1771431900,8474,8416,217,2555
2271,9341,1771431900,839,831,11000,10
2272,9419,1771431900,1598,1301,26,14
2273,9431,1771431900,9307,9304,1,3
2274,9735,1771431900,38,35,519,390
2275,9978,1771431900,41,41,13,2
2276,10010,1771431900,30,14,1,1
2277,10034,1771431900,1067,1038,4801,179
2278,10320,1771431900,6426,4664,1,1
2279,10326,1771431900,88,85,120,59
2280,10366,1771431900,10811,10694,1,1
2281,10388,1771431900,219717,213150,2,2
2282,10476,1771431900,6448,6385,70,364
2283,10810,1771431900,550,502,622,1
2284,10925,1771431900,18991,18316,40,139
2285,11126,1771431900,12100,12035,2,3
2286,11128,1771431900,2304085,2222779,1,5
2287,11212,1771431900,2468,2415,2200,768
2288,11229,1771431900,3465,3461,20,20
2289,11230,1771431900,1350,1327,2730,24
2290,11232,1771431900,1669,1668,87,6076
2291,11802,1771431900,8812666,8614848,4,1
2292,11832,1771431900,27500000,27286810,1,6
2293,11834,1771431900,18433360,18013601,2,8
2294,11840,1771431900,326897,323574,19,19
2295,11889,1771431900,1715593,1676688,3,1
2296,11920,1771431900,488904,479136,4,3
2297,11936,1771431900,1495,1485,1108,205
2298,11959,1771431900,2765,2714,1000,67
2299,11968,1771431900,12361,12343,39,8
2300,11972,1771431900,12545,12417,29,4
2301,11978,1771431900,11195,11043,91,227
2302,12002,1771431900,681052,663989,9,12
2303,12004,1771431900,357413,345956,3,2
2304,12402,1771431900,32125,31032,19,35
2305,12403,1771431900,9183,8302,18,38
2306,12404,1771431900,1091,1002,6,45
2307,12405,1771431900,2183,2002,25,26
2308,12406,1771431900,17070,16305,3,22
2309,12408,1771431900,3997,3700,49,13
2310,12409,1771431900,6368,5725,4,42
2311,12410,1771431900,2130,2014,6,58
2312,12603,1771431900,221061,210000,1,1
2313,12625,1771431900,5314,5240,441,22
2314,12627,1771431900,4100,4018,11,1
2315,12631,1771431900,1278,1234,2,92
2316,12640,1771431900,849,823,17053,1354
2317,12695,1771431900,15336,15076,573,22
2318,12699,1771431900,7943,7578,60,4
2319,12829,1771431900,58775,58431,1,1
2320,12873,1771431900,754859,723856,2,3
2321,12900,1771431900,3722733,3611381,3,3
2322,12913,1771431900,9763,9530,52,27
2323,12924,1771431900,10791430,10535425,4,3
2324,12929,1771431900,3782174,3682810,2,3
2325,12934,1771431900,181,181,14236,42818
2326,13190,1771431900,14025509,14186806,22,18
2327,13235,1771431900,5558753,5427481,1,3
2328,13271,1771431900,2131713,2073040,4,1
2329,13439,1771431900,1845,1840,1000,1652
2330,13441,1771431900,1995,1984,50,1184
2331,13576,1771431900,14198062,14114722,2,1
2332,13652,1771431900,46792816,45726133,1,1
2333,19481,1771431900,1108000,1100000,1,2
2334,19547,1771431900,21841213,21334406,3,1
2335,19550,1771431900,21527244,21098901,1,2
2336,19580,1771431900,471,454,15225,356
2337,19582,1771431900,830,806,1003,3191
2338,19621,1771431900,2549,2300,4,79
2339,20730,1771431900,100000,90000,1,1
2340,20849,1771431900,398,390,40,359
2341,21000,1771431900,17103912,16823655,4,3
2342,21015,1771431900,13800000,13775543,1,2
2343,21047,1771431900,49749,46980,4,8
2344,21105,1771431900,4304,3932,667,1000
2345,21146,1771431900,1040,1000,31,1
2346,21166,1771431900,4115,4115,72,11
2347,21183,1771431900,4168,4120,4,9
2348,21304,1771431900,717599,710000,5,1
2349,21326,1771431900,183,179,25480,83906
2350,21347,1771431900,3397,3353,311,5434
2351,21350,1771431900,215,206,10475,4730
2352,21480,1771431900,806,843,13,200
2353,21504,1771431900,230,226,1,11673
2354,21622,1771431900,89,88,3000,146
2355,21634,1771431900,27168186,26374485,2,2
2356,21736,1771431900,70110,69100,1,1
2357,21742,1771431900,4172234,4062774,1,1
2358,21802,1771431900,808,807,104,299
2359,21817,1771431900,43017,42633,2,390
2360,21820,1771431900,177,174,64236,32561
2361,21880,1771431900,302,296,6342,10519
2362,21902,1771431900,785121,765849,2,7
2363,21930,1771431900,2970,2970,222,6347
2364,21932,1771431900,3187,3108,20,312
2365,21940,1771431900,3052,3001,100,10
2366,21944,1771431900,3295,3259,4720,1497
2367,21946,1771431900,3120,3098,500,264
2368,21948,1771431900,2423,2368,200,39
2369,22124,1771431900,26172,25977,793,1484
2370,22324,1771431900,31549997,30833720,2,3
2371,22326,1771431900,14450000,14240000,2,1
2372,22327,1771431900,13000183,12765000,2,2
2373,22368,1771431900,4169999,4039603,3,2
2374,22461,1771431900,22181,22000,60,279
2375,22481,1771431900,19477104,19101000,1,1
2376,22557,1771431900,725225,699134,3,3
2377,22595,1771431900,140,140,3000,3000
2378,22599,1771431900,1610,1492,204,65
2379,22866,1771431900,171851,168995,10,368
2380,22877,1771431900,168000,167402,2,29
2381,22879,1771431900,5920,5774,6,6
2382,22951,1771431900,420447,420885,3,1
2383,22975,1771431900,3475426,3436202,2,2
2384,22978,1771431900,71050000,70750000,2,2
2385,22983,1771431900,13974623,13668084,5,1
2386,22994,1771431900,759104,731799,3,1
2387,23733,1771431900,6092,5897,407,12
2388,24187,1771431900,632802,624254,4,4
2389,24251,1771431900,18044,17347,42,41
2390,24268,1771431900,18380834,18280659,4,1
2391,24333,1771431900,1185921,1145455,3,1
2392,24585,1771431900,58860,56000,35,22
2393,24589,1771431900,173,172,600,913
2394,24592,1771431900,115,108,2100,2431
2395,24598,1771431900,2110,2040,440,916
2396,24607,1771431900,284,278,8516,1874
2397,24613,1771431900,64,63,200,1315
2398,24621,1771431900,87,88,6,5076
2399,24740,1771431900,27800,25542,10,18
2400,25404,1771431900,168500,158753,2,6
2401,25413,1771431900,86000,82250,1,2
2402,25416,1771431900,160251,156000,5,1
2403,25578,1771431900,2840,2804,50,145
2404,25778,1771431900,3324,3327,158,294
2405,25849,1771431900,239,237,22262,4925
2406,25985,1771431900,4092913,3986408,1,5
2407,26219,1771431900,23982635,23745350,4,2
2408,26245,1771431900,38975247,38975247,1,1
2409,26945,1771431900,3219422,3184627,2,3
2410,27229,1771431900,55138349,54560583,1,1
2411,27235,1771431900,24469229,24011627,2,2
2412,27272,1771431900,1756,1756,27,41
2413,27629,1771431900,6110,6059,30,3
2414,27690,1771431900,39547798,39547798,3,1
2415,28313,1771431900,34000000,33920185,1,3
2416,28810,1771431900,942195,936738,3,1
2417,28824,1771431900,849,817,132,4
2418,28872,1771431900,174,158,13000,6
2419,28878,1771431900,297,295,4300,18
2420,28899,1771431900,307,307,1000,1002
2421,28924,1771431900,236,236,426,2843
2422,28988,1771431900,380502,364669,3,4
2423,28991,1771431900,180,175,1500,3085
2424,28997,1771431900,6890418,6759424,5,5
2425,29022,1771431900,5046954,4920295,2,3
2426,29025,1771431900,10540000,10331106,1,1
2427,29028,1771431900,887119,852400,1,1
2428,29283,1771431900,33609,33002,12,2
2429,29286,1771431900,15261,14050,22,2
2430,29307,1771431900,7100,6341,20,1
2431,29577,1771431900,6913921,6800433,3,4
2432,29580,1771431900,37803086,37575687,1,9
2433,29684,1771431900,11690,11286,10,12
2434,29782,1771431900,24911,23951,25,6
2435,29796,1771431900,52777404,52288820,3,3
2436,29801,1771431900,61577767,61490026,1,13
2437,29806,1771431900,3215843,3148126,3,12
2438,29824,1771431900,18219,17750,29,77
2439,30002,1771431900,10367520,10236276,1,1
2440,30125,1771431900,59240,58018,16,12
2441,30750,1771431900,95744358,93505000,2,1
2442,30775,1771431900,40000,39177,52,3
2443,30843,1771431900,784,773,7200,1472
2444,30900,1771431900,201,201,168,1727
2445,31111,1771431900,409,401,8681,3887
2446,31406,1771431900,57777,57757,64,31
2447,31435,1771431900,4348,4348,8,48
2448,31481,1771431900,3100,3076,10,369
2449,31541,1771431900,25,25,38,3
2450,31638,1771431900,11600,11500,63,19
2451,31908,1771431900,25,18,500,432
2452,31910,1771431900,161,160,2001,2050
2453,31912,1771431900,573,545,1,1597
2454,31979,1771431900,2143,2040,310,12
2455,32005,1771431900,3200,3143,20,8
2456,32053,1771431900,12456,8534,10,32
2457,32344,1771431900,2041,1998,210,296
2458,32352,1771431900,6520,6362,202,628
2459,32892,1771431900,2500,2500,33,4
2460,32904,1771431900,755,707,10,34
2461,33074,1771431900,34752,33761,2,15
